{"type":"FeatureCollection","properties":{"asset_id":"18566","floor_count":16,"bounds":[[-78.6460725436198,35.78058940599834],[-78.6449171558268,35.781491952775845]],"created_at":"2023-06-26T13:27:42.088Z"},"features":[{"type":"Feature","id":"6505825","geometry":{"type":"Polygon","coordinates":[[[-78.645115,35.78132],[-78.645221,35.781323],[-78.645223,35.781282],[-78.645236,35.781266],[-78.645238,35.78122],[-78.645214,35.781219],[-78.645213,35.781241],[-78.645119,35.781238],[-78.645115,35.78132]]]},"properties":{"type":"Unit","unit_id":"6505825","floor_id":"80486","extrusion_base":12,"extrusion_height":15}},{"type":"Feature","id":"6505825","geometry":{"type":"Point","coordinates":[-78.6451765,35.781271000000004]},"properties":{"type":"UnitLabel","unit_id":"6505825","floor_id":"80486","unit_label":"0920"}},{"type":"Feature","id":"6505824","geometry":{"type":"Polygon","coordinates":[[[-78.645221,35.781323],[-78.645233,35.781324],[-78.645243,35.781324],[-78.645299,35.781326],[-78.645304,35.781222],[-78.645238,35.78122],[-78.645236,35.781266],[-78.645223,35.781282],[-78.645221,35.781323]]]},"properties":{"type":"Unit","unit_id":"6505824","floor_id":"80486","extrusion_base":12,"extrusion_height":15}},{"type":"Feature","id":"6505824","geometry":{"type":"Point","coordinates":[-78.6452625,35.781273]},"properties":{"type":"UnitLabel","unit_id":"6505824","floor_id":"80486","unit_label":"0919"}},{"type":"Feature","id":"6505823","geometry":{"type":"Polygon","coordinates":[[[-78.645348,35.781327],[-78.64535,35.781277],[-78.645366,35.781277],[-78.645368,35.781224],[-78.645353,35.781224],[-78.645304,35.781222],[-78.645302,35.781275],[-78.645299,35.781326],[-78.645348,35.781327]]]},"properties":{"type":"Unit","unit_id":"6505823","floor_id":"80486","extrusion_base":12,"extrusion_height":15}},{"type":"Feature","id":"6505823","geometry":{"type":"Point","coordinates":[-78.64533349999999,35.781256500000005]},"properties":{"type":"UnitLabel","unit_id":"6505823","floor_id":"80486","unit_label":"0918"}},{"type":"Feature","id":"6505822","geometry":{"type":"Polygon","coordinates":[[[-78.645348,35.781327],[-78.645363,35.781328],[-78.645428,35.78133],[-78.645431,35.781279],[-78.645433,35.781226],[-78.645368,35.781224],[-78.645366,35.781277],[-78.64535,35.781277],[-78.645348,35.781327]]]},"properties":{"type":"Unit","unit_id":"6505822","floor_id":"80486","extrusion_base":12,"extrusion_height":15}},{"type":"Feature","id":"6505822","geometry":{"type":"Point","coordinates":[-78.64539049999999,35.781277]},"properties":{"type":"UnitLabel","unit_id":"6505822","floor_id":"80486","unit_label":"0917"}},{"type":"Feature","id":"6505821","geometry":{"type":"Polygon","coordinates":[[[-78.645479,35.781331],[-78.645428,35.78133],[-78.645433,35.781226],[-78.645484,35.781228],[-78.645479,35.781331],[-78.645479,35.781331]]]},"properties":{"type":"Unit","unit_id":"6505821","floor_id":"80486","extrusion_base":12,"extrusion_height":15}},{"type":"Feature","id":"6505821","geometry":{"type":"Point","coordinates":[-78.645456,35.7812785]},"properties":{"type":"UnitLabel","unit_id":"6505821","floor_id":"80486","unit_label":"0916"}},{"type":"Feature","id":"6505820","geometry":{"type":"Polygon","coordinates":[[[-78.645485,35.781203],[-78.645485,35.781209],[-78.645474,35.781208],[-78.645473,35.781227],[-78.645484,35.781228],[-78.645479,35.781331],[-78.645585,35.781335],[-78.645591,35.781206],[-78.645485,35.781203]]]},"properties":{"type":"Unit","unit_id":"6505820","floor_id":"80486","extrusion_base":12,"extrusion_height":15}},{"type":"Feature","id":"6505820","geometry":{"type":"Point","coordinates":[-78.645532,35.781268999999995]},"properties":{"type":"UnitLabel","unit_id":"6505820","floor_id":"80486","unit_label":"0915"}},{"type":"Feature","id":"6505819","geometry":{"type":"Polygon","coordinates":[[[-78.645485,35.781209],[-78.645485,35.781203],[-78.645591,35.781206],[-78.645594,35.781157],[-78.645443,35.781153],[-78.645441,35.78119],[-78.64544,35.781201],[-78.64544,35.781207],[-78.645485,35.781209]]]},"properties":{"type":"Unit","unit_id":"6505819","floor_id":"80486","extrusion_base":12,"extrusion_height":15}},{"type":"Feature","id":"6505819","geometry":{"type":"Point","coordinates":[-78.645566,35.781181000000004]},"properties":{"type":"UnitLabel","unit_id":"6505819","floor_id":"80486","unit_label":"0914"}},{"type":"Feature","id":"6505846","geometry":{"type":"Polygon","coordinates":[[[-78.645297,35.781203],[-78.645298,35.781174],[-78.645315,35.781174],[-78.645317,35.781145],[-78.645299,35.781145],[-78.645302,35.781094],[-78.645244,35.781092],[-78.645239,35.781201],[-78.645297,35.781203]]]},"properties":{"type":"Unit","unit_id":"6505846","floor_id":"80475","extrusion_base":15,"extrusion_height":18}},{"type":"Feature","id":"6505846","geometry":{"type":"Point","coordinates":[-78.645278,35.781131]},"properties":{"type":"UnitLabel","unit_id":"6505846","floor_id":"80475","unit_label":"1023"}},{"type":"Feature","id":"6505845","geometry":{"type":"Polygon","coordinates":[[[-78.645217,35.781172],[-78.645215,35.7812],[-78.645239,35.781201],[-78.64524,35.781173],[-78.645241,35.781155],[-78.645244,35.781092],[-78.645126,35.781089],[-78.645122,35.781169],[-78.645217,35.781172]]]},"properties":{"type":"Unit","unit_id":"6505845","floor_id":"80475","extrusion_base":15,"extrusion_height":18}},{"type":"Feature","id":"6505845","geometry":{"type":"Point","coordinates":[-78.645188,35.781145]},"properties":{"type":"UnitLabel","unit_id":"6505845","floor_id":"80475","unit_label":"1022"}},{"type":"Feature","id":"6505844","geometry":{"type":"Polygon","coordinates":[[[-78.645213,35.781241],[-78.645119,35.781238],[-78.645122,35.781169],[-78.645217,35.781172],[-78.645213,35.781241],[-78.645213,35.781241]]]},"properties":{"type":"Unit","unit_id":"6505844","floor_id":"80475","extrusion_base":15,"extrusion_height":18}},{"type":"Feature","id":"6505844","geometry":{"type":"Point","coordinates":[-78.645168,35.781205]},"properties":{"type":"UnitLabel","unit_id":"6505844","floor_id":"80475","unit_label":"1021"}},{"type":"Feature","id":"6505843","geometry":{"type":"Polygon","coordinates":[[[-78.645115,35.78132],[-78.645221,35.781323],[-78.645223,35.781282],[-78.645236,35.781266],[-78.645238,35.78122],[-78.645214,35.781219],[-78.645213,35.781241],[-78.645119,35.781238],[-78.645115,35.78132]]]},"properties":{"type":"Unit","unit_id":"6505843","floor_id":"80475","extrusion_base":15,"extrusion_height":18}},{"type":"Feature","id":"6505843","geometry":{"type":"Point","coordinates":[-78.6451765,35.781271000000004]},"properties":{"type":"UnitLabel","unit_id":"6505843","floor_id":"80475","unit_label":"1020"}},{"type":"Feature","id":"6505842","geometry":{"type":"Polygon","coordinates":[[[-78.645221,35.781323],[-78.645233,35.781324],[-78.645243,35.781324],[-78.645299,35.781326],[-78.645304,35.781222],[-78.645238,35.78122],[-78.645236,35.781266],[-78.645223,35.781282],[-78.645221,35.781323]]]},"properties":{"type":"Unit","unit_id":"6505842","floor_id":"80475","extrusion_base":15,"extrusion_height":18}},{"type":"Feature","id":"6505842","geometry":{"type":"Point","coordinates":[-78.6452625,35.781273]},"properties":{"type":"UnitLabel","unit_id":"6505842","floor_id":"80475","unit_label":"1019"}},{"type":"Feature","id":"6505841","geometry":{"type":"Polygon","coordinates":[[[-78.645348,35.781327],[-78.64535,35.781277],[-78.645366,35.781277],[-78.645368,35.781224],[-78.645353,35.781224],[-78.645304,35.781222],[-78.645302,35.781275],[-78.645299,35.781326],[-78.645348,35.781327]]]},"properties":{"type":"Unit","unit_id":"6505841","floor_id":"80475","extrusion_base":15,"extrusion_height":18}},{"type":"Feature","id":"6505841","geometry":{"type":"Point","coordinates":[-78.64533349999999,35.781256500000005]},"properties":{"type":"UnitLabel","unit_id":"6505841","floor_id":"80475","unit_label":"1018"}},{"type":"Feature","id":"6505840","geometry":{"type":"Polygon","coordinates":[[[-78.645348,35.781327],[-78.645363,35.781328],[-78.645428,35.78133],[-78.645431,35.781279],[-78.645433,35.781226],[-78.645368,35.781224],[-78.645366,35.781277],[-78.64535,35.781277],[-78.645348,35.781327]]]},"properties":{"type":"Unit","unit_id":"6505840","floor_id":"80475","extrusion_base":15,"extrusion_height":18}},{"type":"Feature","id":"6505840","geometry":{"type":"Point","coordinates":[-78.64539049999999,35.781277]},"properties":{"type":"UnitLabel","unit_id":"6505840","floor_id":"80475","unit_label":"1017"}},{"type":"Feature","id":"6505839","geometry":{"type":"Polygon","coordinates":[[[-78.645479,35.781331],[-78.645428,35.78133],[-78.645433,35.781226],[-78.645484,35.781228],[-78.645479,35.781331],[-78.645479,35.781331]]]},"properties":{"type":"Unit","unit_id":"6505839","floor_id":"80475","extrusion_base":15,"extrusion_height":18}},{"type":"Feature","id":"6505839","geometry":{"type":"Point","coordinates":[-78.645456,35.7812785]},"properties":{"type":"UnitLabel","unit_id":"6505839","floor_id":"80475","unit_label":"1016"}},{"type":"Feature","id":"6505838","geometry":{"type":"Polygon","coordinates":[[[-78.645485,35.781203],[-78.645485,35.781209],[-78.645474,35.781208],[-78.645473,35.781227],[-78.645484,35.781228],[-78.645479,35.781331],[-78.645561,35.781334],[-78.645567,35.781205],[-78.645485,35.781203]]]},"properties":{"type":"Unit","unit_id":"6505838","floor_id":"80475","extrusion_base":15,"extrusion_height":18}},{"type":"Feature","id":"6505838","geometry":{"type":"Point","coordinates":[-78.64552,35.781268499999996]},"properties":{"type":"UnitLabel","unit_id":"6505838","floor_id":"80475","unit_label":"1015"}},{"type":"Feature","id":"6505837","geometry":{"type":"Polygon","coordinates":[[[-78.645485,35.781209],[-78.645485,35.781203],[-78.645567,35.781205],[-78.645569,35.781157],[-78.645443,35.781153],[-78.645441,35.78119],[-78.64544,35.781201],[-78.64544,35.781207],[-78.645485,35.781209]]]},"properties":{"type":"Unit","unit_id":"6505837","floor_id":"80475","extrusion_base":15,"extrusion_height":18}},{"type":"Feature","id":"6505837","geometry":{"type":"Point","coordinates":[-78.645541,35.781181000000004]},"properties":{"type":"UnitLabel","unit_id":"6505837","floor_id":"80475","unit_label":"1014"}},{"type":"Feature","id":"6505836","geometry":{"type":"Polygon","coordinates":[[[-78.645594,35.781157],[-78.645468,35.781153],[-78.64547,35.781107],[-78.645596,35.781111],[-78.645594,35.781157],[-78.645594,35.781157]]]},"properties":{"type":"Unit","unit_id":"6505836","floor_id":"80475","extrusion_base":15,"extrusion_height":18}},{"type":"Feature","id":"6505836","geometry":{"type":"Point","coordinates":[-78.645532,35.781132]},"properties":{"type":"UnitLabel","unit_id":"6505836","floor_id":"80475","unit_label":"1013"}},{"type":"Feature","id":"6505835","geometry":{"type":"Polygon","coordinates":[[[-78.645596,35.781111],[-78.64547,35.781107],[-78.645475,35.781002],[-78.645601,35.781006],[-78.645596,35.781111],[-78.645596,35.781111]]]},"properties":{"type":"Unit","unit_id":"6505835","floor_id":"80475","extrusion_base":15,"extrusion_height":18}},{"type":"Feature","id":"6505835","geometry":{"type":"Point","coordinates":[-78.6455355,35.781056500000005]},"properties":{"type":"UnitLabel","unit_id":"6505835","floor_id":"80475","unit_label":"1012"}},{"type":"Feature","id":"6505834","geometry":{"type":"Polygon","coordinates":[[[-78.645539,35.781004],[-78.645601,35.781006],[-78.645603,35.780966],[-78.645541,35.780964],[-78.645542,35.780952],[-78.645477,35.78095],[-78.645477,35.780962],[-78.645475,35.781002],[-78.645539,35.781004]]]},"properties":{"type":"Unit","unit_id":"6505834","floor_id":"80475","extrusion_base":15,"extrusion_height":18}},{"type":"Feature","id":"6505834","geometry":{"type":"Point","coordinates":[-78.645519,35.780978]},"properties":{"type":"UnitLabel","unit_id":"6505834","floor_id":"80475","unit_label":"1010"}},{"type":"Feature","id":"6505833","geometry":{"type":"Polygon","coordinates":[[[-78.645542,35.780952],[-78.645541,35.780964],[-78.645603,35.780966],[-78.645603,35.780954],[-78.645606,35.7809],[-78.645544,35.780898],[-78.64548,35.780896],[-78.645477,35.78095],[-78.645542,35.780952]]]},"properties":{"type":"Unit","unit_id":"6505833","floor_id":"80475","extrusion_base":15,"extrusion_height":18}},{"type":"Feature","id":"6505833","geometry":{"type":"Point","coordinates":[-78.645571,35.780930999999995]},"properties":{"type":"UnitLabel","unit_id":"6505833","floor_id":"80475","unit_label":"1009"}},{"type":"Feature","id":"6505832","geometry":{"type":"Polygon","coordinates":[[[-78.645606,35.7809],[-78.64548,35.780896],[-78.645482,35.780849],[-78.645608,35.780853],[-78.645606,35.7809],[-78.645606,35.7809]]]},"properties":{"type":"Unit","unit_id":"6505832","floor_id":"80475","extrusion_base":15,"extrusion_height":18}},{"type":"Feature","id":"6505832","geometry":{"type":"Point","coordinates":[-78.645544,35.7808745]},"properties":{"type":"UnitLabel","unit_id":"6505832","floor_id":"80475","unit_label":"1008"}},{"type":"Feature","id":"6505831","geometry":{"type":"Polygon","coordinates":[[[-78.645482,35.780849],[-78.645508,35.78085],[-78.645521,35.780851],[-78.645608,35.780853],[-78.645613,35.78076],[-78.645512,35.780757],[-78.645509,35.780824],[-78.645483,35.780823],[-78.645482,35.780849]]]},"properties":{"type":"Unit","unit_id":"6505831","floor_id":"80475","extrusion_base":15,"extrusion_height":18}},{"type":"Feature","id":"6505831","geometry":{"type":"Point","coordinates":[-78.645565,35.780805]},"properties":{"type":"UnitLabel","unit_id":"6505831","floor_id":"80475","unit_label":"1007"}},{"type":"Feature","id":"6505830","geometry":{"type":"Polygon","coordinates":[[[-78.645464,35.780828],[-78.645464,35.780822],[-78.645509,35.780824],[-78.645512,35.780757],[-78.645467,35.780755],[-78.645429,35.780754],[-78.645426,35.780821],[-78.645426,35.780826],[-78.645464,35.780828]]]},"properties":{"type":"Unit","unit_id":"6505830","floor_id":"80475","extrusion_base":15,"extrusion_height":18}},{"type":"Feature","id":"6505830","geometry":{"type":"Point","coordinates":[-78.645475,35.780791]},"properties":{"type":"UnitLabel","unit_id":"6505830","floor_id":"80475","unit_label":"1006"}},{"type":"Feature","id":"6505829","geometry":{"type":"Polygon","coordinates":[[[-78.64533,35.780805],[-78.645328,35.780839],[-78.64541,35.780841],[-78.64541,35.780847],[-78.645463,35.780849],[-78.645464,35.780828],[-78.645426,35.780826],[-78.645429,35.780754],[-78.645366,35.780752],[-78.645366,35.780758],[-78.645332,35.780757],[-78.645331,35.780774],[-78.645318,35.780774],[-78.645317,35.780804],[-78.64533,35.780805]]]},"properties":{"type":"Unit","unit_id":"6505829","floor_id":"80475","extrusion_base":15,"extrusion_height":18}},{"type":"Feature","id":"6505829","geometry":{"type":"Point","coordinates":[-78.6453905,35.7808005]},"properties":{"type":"UnitLabel","unit_id":"6505829","floor_id":"80475","unit_label":"1005"}},{"type":"Feature","id":"6505828","geometry":{"type":"Polygon","coordinates":[[[-78.645326,35.780888],[-78.645325,35.780906],[-78.645322,35.780962],[-78.645336,35.780962],[-78.645336,35.780953],[-78.645355,35.780954],[-78.645356,35.780929],[-78.645387,35.78093],[-78.645419,35.780931],[-78.64542,35.780909],[-78.64542,35.780904],[-78.645422,35.780877],[-78.645462,35.780878],[-78.645463,35.780849],[-78.64541,35.780847],[-78.64541,35.780841],[-78.645328,35.780839],[-78.645328,35.780845],[-78.645327,35.780857],[-78.645314,35.780857],[-78.645313,35.780887],[-78.645326,35.780888]]]},"properties":{"type":"Unit","unit_id":"6505828","floor_id":"80475","extrusion_base":15,"extrusion_height":18}},{"type":"Feature","id":"6505828","geometry":{"type":"Point","coordinates":[-78.645388,35.7809005]},"properties":{"type":"UnitLabel","unit_id":"6505828","floor_id":"80475","unit_label":"1004"}},{"type":"Feature","id":"6505827","geometry":{"type":"Polygon","coordinates":[[[-78.64532,35.781016],[-78.645333,35.781016],[-78.645332,35.781035],[-78.645442,35.781038],[-78.645443,35.781021],[-78.645455,35.781021],[-78.645457,35.780977],[-78.645335,35.780973],[-78.645334,35.780992],[-78.645321,35.780992],[-78.64532,35.781016]]]},"properties":{"type":"Unit","unit_id":"6505827","floor_id":"80475","extrusion_base":15,"extrusion_height":18}},{"type":"Feature","id":"6505827","geometry":{"type":"Point","coordinates":[-78.6453885,35.781005500000006]},"properties":{"type":"UnitLabel","unit_id":"6505827","floor_id":"80475","unit_label":"1002"}},{"type":"Feature","id":"6505826","geometry":{"type":"Polygon","coordinates":[[[-78.645316,35.781095],[-78.645411,35.781098],[-78.645411,35.781083],[-78.645452,35.781084],[-78.645454,35.781039],[-78.645332,35.781035],[-78.645332,35.78104],[-78.645319,35.781039],[-78.645316,35.781095]]]},"properties":{"type":"Unit","unit_id":"6505826","floor_id":"80475","extrusion_base":15,"extrusion_height":18}},{"type":"Feature","id":"6505826","geometry":{"type":"Point","coordinates":[-78.64535950000001,35.7810665]},"properties":{"type":"UnitLabel","unit_id":"6505826","floor_id":"80475","unit_label":"1001"}},{"type":"Feature","id":"6505868","geometry":{"type":"Polygon","coordinates":[[[-78.645297,35.781203],[-78.645298,35.781174],[-78.645315,35.781174],[-78.645317,35.781145],[-78.645299,35.781145],[-78.645302,35.781094],[-78.645244,35.781092],[-78.645239,35.781201],[-78.645297,35.781203]]]},"properties":{"type":"Unit","unit_id":"6505868","floor_id":"80476","extrusion_base":18,"extrusion_height":21}},{"type":"Feature","id":"6505868","geometry":{"type":"Point","coordinates":[-78.645278,35.781131]},"properties":{"type":"UnitLabel","unit_id":"6505868","floor_id":"80476","unit_label":"1123"}},{"type":"Feature","id":"6505867","geometry":{"type":"Polygon","coordinates":[[[-78.645217,35.781172],[-78.645215,35.7812],[-78.645239,35.781201],[-78.64524,35.781173],[-78.645241,35.781155],[-78.645244,35.781092],[-78.645126,35.781089],[-78.645122,35.781169],[-78.645217,35.781172]]]},"properties":{"type":"Unit","unit_id":"6505867","floor_id":"80476","extrusion_base":18,"extrusion_height":21}},{"type":"Feature","id":"6505867","geometry":{"type":"Point","coordinates":[-78.645188,35.781145]},"properties":{"type":"UnitLabel","unit_id":"6505867","floor_id":"80476","unit_label":"1122"}},{"type":"Feature","id":"6505866","geometry":{"type":"Polygon","coordinates":[[[-78.645213,35.781241],[-78.645119,35.781238],[-78.645122,35.781169],[-78.645217,35.781172],[-78.645213,35.781241],[-78.645213,35.781241]]]},"properties":{"type":"Unit","unit_id":"6505866","floor_id":"80476","extrusion_base":18,"extrusion_height":21}},{"type":"Feature","id":"6505866","geometry":{"type":"Point","coordinates":[-78.645168,35.781205]},"properties":{"type":"UnitLabel","unit_id":"6505866","floor_id":"80476","unit_label":"1121"}},{"type":"Feature","id":"6505865","geometry":{"type":"Polygon","coordinates":[[[-78.645115,35.78132],[-78.645221,35.781323],[-78.645223,35.781282],[-78.645236,35.781266],[-78.645238,35.78122],[-78.645214,35.781219],[-78.645213,35.781241],[-78.645119,35.781238],[-78.645115,35.78132]]]},"properties":{"type":"Unit","unit_id":"6505865","floor_id":"80476","extrusion_base":18,"extrusion_height":21}},{"type":"Feature","id":"6505865","geometry":{"type":"Point","coordinates":[-78.6451765,35.781271000000004]},"properties":{"type":"UnitLabel","unit_id":"6505865","floor_id":"80476","unit_label":"1120"}},{"type":"Feature","id":"6505864","geometry":{"type":"Polygon","coordinates":[[[-78.645221,35.781323],[-78.645233,35.781324],[-78.645243,35.781324],[-78.645299,35.781326],[-78.645304,35.781222],[-78.645238,35.78122],[-78.645236,35.781266],[-78.645223,35.781282],[-78.645221,35.781323]]]},"properties":{"type":"Unit","unit_id":"6505864","floor_id":"80476","extrusion_base":18,"extrusion_height":21}},{"type":"Feature","id":"6505864","geometry":{"type":"Point","coordinates":[-78.6452625,35.781273]},"properties":{"type":"UnitLabel","unit_id":"6505864","floor_id":"80476","unit_label":"1119"}},{"type":"Feature","id":"6505863","geometry":{"type":"Polygon","coordinates":[[[-78.645348,35.781327],[-78.64535,35.781277],[-78.645366,35.781277],[-78.645368,35.781224],[-78.645353,35.781224],[-78.645304,35.781222],[-78.645302,35.781275],[-78.645299,35.781326],[-78.645348,35.781327]]]},"properties":{"type":"Unit","unit_id":"6505863","floor_id":"80476","extrusion_base":18,"extrusion_height":21}},{"type":"Feature","id":"6505863","geometry":{"type":"Point","coordinates":[-78.64533349999999,35.781256500000005]},"properties":{"type":"UnitLabel","unit_id":"6505863","floor_id":"80476","unit_label":"1118"}},{"type":"Feature","id":"6505862","geometry":{"type":"Polygon","coordinates":[[[-78.645348,35.781327],[-78.645363,35.781328],[-78.645428,35.78133],[-78.645431,35.781279],[-78.645433,35.781226],[-78.645368,35.781224],[-78.645366,35.781277],[-78.64535,35.781277],[-78.645348,35.781327]]]},"properties":{"type":"Unit","unit_id":"6505862","floor_id":"80476","extrusion_base":18,"extrusion_height":21}},{"type":"Feature","id":"6505862","geometry":{"type":"Point","coordinates":[-78.64539049999999,35.781277]},"properties":{"type":"UnitLabel","unit_id":"6505862","floor_id":"80476","unit_label":"1117"}},{"type":"Feature","id":"6505861","geometry":{"type":"Polygon","coordinates":[[[-78.645479,35.781331],[-78.645428,35.78133],[-78.645433,35.781226],[-78.645484,35.781228],[-78.645479,35.781331],[-78.645479,35.781331]]]},"properties":{"type":"Unit","unit_id":"6505861","floor_id":"80476","extrusion_base":18,"extrusion_height":21}},{"type":"Feature","id":"6505861","geometry":{"type":"Point","coordinates":[-78.645456,35.7812785]},"properties":{"type":"UnitLabel","unit_id":"6505861","floor_id":"80476","unit_label":"1116"}},{"type":"Feature","id":"6505860","geometry":{"type":"Polygon","coordinates":[[[-78.645485,35.781203],[-78.645485,35.781209],[-78.645474,35.781208],[-78.645473,35.781227],[-78.645484,35.781228],[-78.645479,35.781331],[-78.645561,35.781334],[-78.645567,35.781205],[-78.645485,35.781203]]]},"properties":{"type":"Unit","unit_id":"6505860","floor_id":"80476","extrusion_base":18,"extrusion_height":21}},{"type":"Feature","id":"6505860","geometry":{"type":"Point","coordinates":[-78.64552,35.781268499999996]},"properties":{"type":"UnitLabel","unit_id":"6505860","floor_id":"80476","unit_label":"1115"}},{"type":"Feature","id":"6505859","geometry":{"type":"Polygon","coordinates":[[[-78.645485,35.781209],[-78.645485,35.781203],[-78.645567,35.781205],[-78.645569,35.781157],[-78.645443,35.781153],[-78.645441,35.78119],[-78.64544,35.781201],[-78.64544,35.781207],[-78.645485,35.781209]]]},"properties":{"type":"Unit","unit_id":"6505859","floor_id":"80476","extrusion_base":18,"extrusion_height":21}},{"type":"Feature","id":"6505859","geometry":{"type":"Point","coordinates":[-78.645541,35.781181000000004]},"properties":{"type":"UnitLabel","unit_id":"6505859","floor_id":"80476","unit_label":"1114"}},{"type":"Feature","id":"6505858","geometry":{"type":"Polygon","coordinates":[[[-78.645594,35.781157],[-78.645468,35.781153],[-78.64547,35.781107],[-78.645596,35.781111],[-78.645594,35.781157],[-78.645594,35.781157]]]},"properties":{"type":"Unit","unit_id":"6505858","floor_id":"80476","extrusion_base":18,"extrusion_height":21}},{"type":"Feature","id":"6505858","geometry":{"type":"Point","coordinates":[-78.645532,35.781132]},"properties":{"type":"UnitLabel","unit_id":"6505858","floor_id":"80476","unit_label":"1113"}},{"type":"Feature","id":"6505857","geometry":{"type":"Polygon","coordinates":[[[-78.645596,35.781111],[-78.64547,35.781107],[-78.645475,35.781002],[-78.645601,35.781006],[-78.645596,35.781111],[-78.645596,35.781111]]]},"properties":{"type":"Unit","unit_id":"6505857","floor_id":"80476","extrusion_base":18,"extrusion_height":21}},{"type":"Feature","id":"6505857","geometry":{"type":"Point","coordinates":[-78.6455355,35.781056500000005]},"properties":{"type":"UnitLabel","unit_id":"6505857","floor_id":"80476","unit_label":"1112"}},{"type":"Feature","id":"6505856","geometry":{"type":"Polygon","coordinates":[[[-78.645539,35.781004],[-78.645601,35.781006],[-78.645603,35.780966],[-78.645541,35.780964],[-78.645542,35.780952],[-78.645477,35.78095],[-78.645477,35.780962],[-78.645475,35.781002],[-78.645539,35.781004]]]},"properties":{"type":"Unit","unit_id":"6505856","floor_id":"80476","extrusion_base":18,"extrusion_height":21}},{"type":"Feature","id":"6505856","geometry":{"type":"Point","coordinates":[-78.645519,35.780978]},"properties":{"type":"UnitLabel","unit_id":"6505856","floor_id":"80476","unit_label":"1110"}},{"type":"Feature","id":"6505855","geometry":{"type":"Polygon","coordinates":[[[-78.645542,35.780952],[-78.645541,35.780964],[-78.645603,35.780966],[-78.645603,35.780954],[-78.645606,35.7809],[-78.645544,35.780898],[-78.64548,35.780896],[-78.645477,35.78095],[-78.645542,35.780952]]]},"properties":{"type":"Unit","unit_id":"6505855","floor_id":"80476","extrusion_base":18,"extrusion_height":21}},{"type":"Feature","id":"6505855","geometry":{"type":"Point","coordinates":[-78.645571,35.780930999999995]},"properties":{"type":"UnitLabel","unit_id":"6505855","floor_id":"80476","unit_label":"1109"}},{"type":"Feature","id":"6505854","geometry":{"type":"Polygon","coordinates":[[[-78.645606,35.7809],[-78.64548,35.780896],[-78.645482,35.780849],[-78.645608,35.780853],[-78.645606,35.7809],[-78.645606,35.7809]]]},"properties":{"type":"Unit","unit_id":"6505854","floor_id":"80476","extrusion_base":18,"extrusion_height":21}},{"type":"Feature","id":"6505854","geometry":{"type":"Point","coordinates":[-78.645544,35.7808745]},"properties":{"type":"UnitLabel","unit_id":"6505854","floor_id":"80476","unit_label":"1108"}},{"type":"Feature","id":"6505853","geometry":{"type":"Polygon","coordinates":[[[-78.645482,35.780849],[-78.645508,35.78085],[-78.645521,35.780851],[-78.645608,35.780853],[-78.645613,35.78076],[-78.645512,35.780757],[-78.645509,35.780824],[-78.645483,35.780823],[-78.645482,35.780849]]]},"properties":{"type":"Unit","unit_id":"6505853","floor_id":"80476","extrusion_base":18,"extrusion_height":21}},{"type":"Feature","id":"6505853","geometry":{"type":"Point","coordinates":[-78.645565,35.780805]},"properties":{"type":"UnitLabel","unit_id":"6505853","floor_id":"80476","unit_label":"1107"}},{"type":"Feature","id":"6505852","geometry":{"type":"Polygon","coordinates":[[[-78.645464,35.780828],[-78.645464,35.780822],[-78.645509,35.780824],[-78.645512,35.780757],[-78.645467,35.780755],[-78.645429,35.780754],[-78.645426,35.780821],[-78.645426,35.780826],[-78.645464,35.780828]]]},"properties":{"type":"Unit","unit_id":"6505852","floor_id":"80476","extrusion_base":18,"extrusion_height":21}},{"type":"Feature","id":"6505852","geometry":{"type":"Point","coordinates":[-78.645475,35.780791]},"properties":{"type":"UnitLabel","unit_id":"6505852","floor_id":"80476","unit_label":"1106"}},{"type":"Feature","id":"6505851","geometry":{"type":"Polygon","coordinates":[[[-78.64533,35.780805],[-78.645328,35.780839],[-78.64541,35.780841],[-78.64541,35.780847],[-78.645463,35.780849],[-78.645464,35.780828],[-78.645426,35.780826],[-78.645429,35.780754],[-78.645366,35.780752],[-78.645366,35.780758],[-78.645332,35.780757],[-78.645331,35.780774],[-78.645318,35.780774],[-78.645317,35.780804],[-78.64533,35.780805]]]},"properties":{"type":"Unit","unit_id":"6505851","floor_id":"80476","extrusion_base":18,"extrusion_height":21}},{"type":"Feature","id":"6505851","geometry":{"type":"Point","coordinates":[-78.6453905,35.7808005]},"properties":{"type":"UnitLabel","unit_id":"6505851","floor_id":"80476","unit_label":"1105"}},{"type":"Feature","id":"6505850","geometry":{"type":"Polygon","coordinates":[[[-78.645326,35.780888],[-78.645325,35.780906],[-78.64542,35.780909],[-78.645422,35.780877],[-78.645462,35.780878],[-78.645463,35.780849],[-78.64541,35.780847],[-78.64541,35.780841],[-78.645328,35.780839],[-78.645328,35.780845],[-78.645327,35.780857],[-78.645314,35.780857],[-78.645313,35.780887],[-78.645326,35.780888]]]},"properties":{"type":"Unit","unit_id":"6505850","floor_id":"80476","extrusion_base":18,"extrusion_height":21}},{"type":"Feature","id":"6505850","geometry":{"type":"Point","coordinates":[-78.645388,35.780874]},"properties":{"type":"UnitLabel","unit_id":"6505850","floor_id":"80476","unit_label":"1104"}},{"type":"Feature","id":"6505849","geometry":{"type":"Polygon","coordinates":[[[-78.645335,35.780973],[-78.645457,35.780977],[-78.645458,35.780945],[-78.645418,35.780943],[-78.64542,35.780909],[-78.645325,35.780906],[-78.645322,35.780962],[-78.645336,35.780962],[-78.645335,35.780973]]]},"properties":{"type":"Unit","unit_id":"6505849","floor_id":"80476","extrusion_base":18,"extrusion_height":21}},{"type":"Feature","id":"6505849","geometry":{"type":"Point","coordinates":[-78.64538999999999,35.7809415]},"properties":{"type":"UnitLabel","unit_id":"6505849","floor_id":"80476","unit_label":"1103"}},{"type":"Feature","id":"6505848","geometry":{"type":"Polygon","coordinates":[[[-78.64532,35.781016],[-78.645333,35.781016],[-78.645332,35.781035],[-78.645442,35.781038],[-78.645443,35.781021],[-78.645455,35.781021],[-78.645457,35.780977],[-78.645335,35.780973],[-78.645334,35.780992],[-78.645321,35.780992],[-78.64532,35.781016]]]},"properties":{"type":"Unit","unit_id":"6505848","floor_id":"80476","extrusion_base":18,"extrusion_height":21}},{"type":"Feature","id":"6505848","geometry":{"type":"Point","coordinates":[-78.6453885,35.781005500000006]},"properties":{"type":"UnitLabel","unit_id":"6505848","floor_id":"80476","unit_label":"1102"}},{"type":"Feature","id":"6505847","geometry":{"type":"Polygon","coordinates":[[[-78.645316,35.781095],[-78.645411,35.781098],[-78.645411,35.781083],[-78.645452,35.781084],[-78.645454,35.781039],[-78.645332,35.781035],[-78.645332,35.78104],[-78.645319,35.781039],[-78.645316,35.781095]]]},"properties":{"type":"Unit","unit_id":"6505847","floor_id":"80476","extrusion_base":18,"extrusion_height":21}},{"type":"Feature","id":"6505847","geometry":{"type":"Point","coordinates":[-78.64535950000001,35.7810665]},"properties":{"type":"UnitLabel","unit_id":"6505847","floor_id":"80476","unit_label":"1101"}},{"type":"Feature","id":"6505890","geometry":{"type":"Polygon","coordinates":[[[-78.645297,35.781203],[-78.645298,35.781174],[-78.645315,35.781174],[-78.645317,35.781145],[-78.645299,35.781145],[-78.645302,35.781094],[-78.645244,35.781092],[-78.645239,35.781201],[-78.645297,35.781203]]]},"properties":{"type":"Unit","unit_id":"6505890","floor_id":"80477","extrusion_base":21,"extrusion_height":24}},{"type":"Feature","id":"6505890","geometry":{"type":"Point","coordinates":[-78.645278,35.781131]},"properties":{"type":"UnitLabel","unit_id":"6505890","floor_id":"80477","unit_label":"1223"}},{"type":"Feature","id":"6505889","geometry":{"type":"Polygon","coordinates":[[[-78.645217,35.781172],[-78.645215,35.7812],[-78.645239,35.781201],[-78.64524,35.781173],[-78.645241,35.781155],[-78.645244,35.781092],[-78.645126,35.781089],[-78.645122,35.781169],[-78.645217,35.781172]]]},"properties":{"type":"Unit","unit_id":"6505889","floor_id":"80477","extrusion_base":21,"extrusion_height":24}},{"type":"Feature","id":"6505889","geometry":{"type":"Point","coordinates":[-78.645188,35.781145]},"properties":{"type":"UnitLabel","unit_id":"6505889","floor_id":"80477","unit_label":"1222"}},{"type":"Feature","id":"6505888","geometry":{"type":"Polygon","coordinates":[[[-78.645213,35.781241],[-78.645119,35.781238],[-78.645122,35.781169],[-78.645217,35.781172],[-78.645213,35.781241],[-78.645213,35.781241]]]},"properties":{"type":"Unit","unit_id":"6505888","floor_id":"80477","extrusion_base":21,"extrusion_height":24}},{"type":"Feature","id":"6505888","geometry":{"type":"Point","coordinates":[-78.645168,35.781205]},"properties":{"type":"UnitLabel","unit_id":"6505888","floor_id":"80477","unit_label":"1221"}},{"type":"Feature","id":"6505887","geometry":{"type":"Polygon","coordinates":[[[-78.645115,35.78132],[-78.645221,35.781323],[-78.645223,35.781282],[-78.645236,35.781266],[-78.645238,35.78122],[-78.645214,35.781219],[-78.645213,35.781241],[-78.645119,35.781238],[-78.645115,35.78132]]]},"properties":{"type":"Unit","unit_id":"6505887","floor_id":"80477","extrusion_base":21,"extrusion_height":24}},{"type":"Feature","id":"6505887","geometry":{"type":"Point","coordinates":[-78.6451765,35.781271000000004]},"properties":{"type":"UnitLabel","unit_id":"6505887","floor_id":"80477","unit_label":"1220"}},{"type":"Feature","id":"6505886","geometry":{"type":"Polygon","coordinates":[[[-78.645221,35.781323],[-78.645233,35.781324],[-78.645243,35.781324],[-78.645299,35.781326],[-78.645304,35.781222],[-78.645238,35.78122],[-78.645236,35.781266],[-78.645223,35.781282],[-78.645221,35.781323]]]},"properties":{"type":"Unit","unit_id":"6505886","floor_id":"80477","extrusion_base":21,"extrusion_height":24}},{"type":"Feature","id":"6505886","geometry":{"type":"Point","coordinates":[-78.6452625,35.781273]},"properties":{"type":"UnitLabel","unit_id":"6505886","floor_id":"80477","unit_label":"1219"}},{"type":"Feature","id":"6505885","geometry":{"type":"Polygon","coordinates":[[[-78.645348,35.781327],[-78.64535,35.781277],[-78.645366,35.781277],[-78.645368,35.781224],[-78.645353,35.781224],[-78.645304,35.781222],[-78.645302,35.781275],[-78.645299,35.781326],[-78.645348,35.781327]]]},"properties":{"type":"Unit","unit_id":"6505885","floor_id":"80477","extrusion_base":21,"extrusion_height":24}},{"type":"Feature","id":"6505885","geometry":{"type":"Point","coordinates":[-78.64533349999999,35.781256500000005]},"properties":{"type":"UnitLabel","unit_id":"6505885","floor_id":"80477","unit_label":"1218"}},{"type":"Feature","id":"6505884","geometry":{"type":"Polygon","coordinates":[[[-78.645348,35.781327],[-78.645363,35.781328],[-78.645428,35.78133],[-78.645431,35.781279],[-78.645433,35.781226],[-78.645368,35.781224],[-78.645366,35.781277],[-78.64535,35.781277],[-78.645348,35.781327]]]},"properties":{"type":"Unit","unit_id":"6505884","floor_id":"80477","extrusion_base":21,"extrusion_height":24}},{"type":"Feature","id":"6505884","geometry":{"type":"Point","coordinates":[-78.64539049999999,35.781277]},"properties":{"type":"UnitLabel","unit_id":"6505884","floor_id":"80477","unit_label":"1217"}},{"type":"Feature","id":"6505883","geometry":{"type":"Polygon","coordinates":[[[-78.645479,35.781331],[-78.645428,35.78133],[-78.645433,35.781226],[-78.645484,35.781228],[-78.645479,35.781331],[-78.645479,35.781331]]]},"properties":{"type":"Unit","unit_id":"6505883","floor_id":"80477","extrusion_base":21,"extrusion_height":24}},{"type":"Feature","id":"6505883","geometry":{"type":"Point","coordinates":[-78.645456,35.7812785]},"properties":{"type":"UnitLabel","unit_id":"6505883","floor_id":"80477","unit_label":"1216"}},{"type":"Feature","id":"6505882","geometry":{"type":"Polygon","coordinates":[[[-78.645485,35.781203],[-78.645485,35.781209],[-78.645474,35.781208],[-78.645473,35.781227],[-78.645484,35.781228],[-78.645479,35.781331],[-78.645561,35.781334],[-78.645567,35.781205],[-78.645485,35.781203]]]},"properties":{"type":"Unit","unit_id":"6505882","floor_id":"80477","extrusion_base":21,"extrusion_height":24}},{"type":"Feature","id":"6505882","geometry":{"type":"Point","coordinates":[-78.64552,35.781268499999996]},"properties":{"type":"UnitLabel","unit_id":"6505882","floor_id":"80477","unit_label":"1215"}},{"type":"Feature","id":"6505881","geometry":{"type":"Polygon","coordinates":[[[-78.645485,35.781209],[-78.645485,35.781203],[-78.645567,35.781205],[-78.645569,35.781157],[-78.645443,35.781153],[-78.645441,35.78119],[-78.64544,35.781201],[-78.64544,35.781207],[-78.645485,35.781209]]]},"properties":{"type":"Unit","unit_id":"6505881","floor_id":"80477","extrusion_base":21,"extrusion_height":24}},{"type":"Feature","id":"6505881","geometry":{"type":"Point","coordinates":[-78.645541,35.781181000000004]},"properties":{"type":"UnitLabel","unit_id":"6505881","floor_id":"80477","unit_label":"1214"}},{"type":"Feature","id":"6505880","geometry":{"type":"Polygon","coordinates":[[[-78.645594,35.781157],[-78.645468,35.781153],[-78.64547,35.781107],[-78.645596,35.781111],[-78.645594,35.781157],[-78.645594,35.781157]]]},"properties":{"type":"Unit","unit_id":"6505880","floor_id":"80477","extrusion_base":21,"extrusion_height":24}},{"type":"Feature","id":"6505880","geometry":{"type":"Point","coordinates":[-78.645532,35.781132]},"properties":{"type":"UnitLabel","unit_id":"6505880","floor_id":"80477","unit_label":"1213"}},{"type":"Feature","id":"6505879","geometry":{"type":"Polygon","coordinates":[[[-78.645596,35.781111],[-78.64547,35.781107],[-78.645475,35.781002],[-78.645601,35.781006],[-78.645596,35.781111],[-78.645596,35.781111]]]},"properties":{"type":"Unit","unit_id":"6505879","floor_id":"80477","extrusion_base":21,"extrusion_height":24}},{"type":"Feature","id":"6505879","geometry":{"type":"Point","coordinates":[-78.6455355,35.781056500000005]},"properties":{"type":"UnitLabel","unit_id":"6505879","floor_id":"80477","unit_label":"1212"}},{"type":"Feature","id":"6505878","geometry":{"type":"Polygon","coordinates":[[[-78.645539,35.781004],[-78.645601,35.781006],[-78.645603,35.780966],[-78.645541,35.780964],[-78.645542,35.780952],[-78.645477,35.78095],[-78.645477,35.780962],[-78.645475,35.781002],[-78.645539,35.781004]]]},"properties":{"type":"Unit","unit_id":"6505878","floor_id":"80477","extrusion_base":21,"extrusion_height":24}},{"type":"Feature","id":"6505878","geometry":{"type":"Point","coordinates":[-78.645519,35.780978]},"properties":{"type":"UnitLabel","unit_id":"6505878","floor_id":"80477","unit_label":"1210"}},{"type":"Feature","id":"6505877","geometry":{"type":"Polygon","coordinates":[[[-78.645542,35.780952],[-78.645541,35.780964],[-78.645603,35.780966],[-78.645603,35.780954],[-78.645606,35.7809],[-78.645544,35.780898],[-78.64548,35.780896],[-78.645477,35.78095],[-78.645542,35.780952]]]},"properties":{"type":"Unit","unit_id":"6505877","floor_id":"80477","extrusion_base":21,"extrusion_height":24}},{"type":"Feature","id":"6505877","geometry":{"type":"Point","coordinates":[-78.645571,35.780930999999995]},"properties":{"type":"UnitLabel","unit_id":"6505877","floor_id":"80477","unit_label":"1209"}},{"type":"Feature","id":"6505876","geometry":{"type":"Polygon","coordinates":[[[-78.645606,35.7809],[-78.64548,35.780896],[-78.645482,35.780849],[-78.645608,35.780853],[-78.645606,35.7809],[-78.645606,35.7809]]]},"properties":{"type":"Unit","unit_id":"6505876","floor_id":"80477","extrusion_base":21,"extrusion_height":24}},{"type":"Feature","id":"6505876","geometry":{"type":"Point","coordinates":[-78.645544,35.7808745]},"properties":{"type":"UnitLabel","unit_id":"6505876","floor_id":"80477","unit_label":"1208"}},{"type":"Feature","id":"6505875","geometry":{"type":"Polygon","coordinates":[[[-78.645482,35.780849],[-78.645508,35.78085],[-78.645521,35.780851],[-78.645608,35.780853],[-78.645613,35.78076],[-78.645512,35.780757],[-78.645509,35.780824],[-78.645483,35.780823],[-78.645482,35.780849]]]},"properties":{"type":"Unit","unit_id":"6505875","floor_id":"80477","extrusion_base":21,"extrusion_height":24}},{"type":"Feature","id":"6505875","geometry":{"type":"Point","coordinates":[-78.645565,35.780805]},"properties":{"type":"UnitLabel","unit_id":"6505875","floor_id":"80477","unit_label":"1207"}},{"type":"Feature","id":"6505874","geometry":{"type":"Polygon","coordinates":[[[-78.645464,35.780828],[-78.645464,35.780822],[-78.645509,35.780824],[-78.645512,35.780757],[-78.645467,35.780755],[-78.645429,35.780754],[-78.645426,35.780821],[-78.645426,35.780826],[-78.645464,35.780828]]]},"properties":{"type":"Unit","unit_id":"6505874","floor_id":"80477","extrusion_base":21,"extrusion_height":24}},{"type":"Feature","id":"6505874","geometry":{"type":"Point","coordinates":[-78.645475,35.780791]},"properties":{"type":"UnitLabel","unit_id":"6505874","floor_id":"80477","unit_label":"1206"}},{"type":"Feature","id":"6505873","geometry":{"type":"Polygon","coordinates":[[[-78.64533,35.780805],[-78.645328,35.780839],[-78.64541,35.780841],[-78.64541,35.780847],[-78.645463,35.780849],[-78.645464,35.780828],[-78.645426,35.780826],[-78.645429,35.780754],[-78.645366,35.780752],[-78.645366,35.780758],[-78.645332,35.780757],[-78.645331,35.780774],[-78.645318,35.780774],[-78.645317,35.780804],[-78.64533,35.780805]]]},"properties":{"type":"Unit","unit_id":"6505873","floor_id":"80477","extrusion_base":21,"extrusion_height":24}},{"type":"Feature","id":"6505873","geometry":{"type":"Point","coordinates":[-78.6453905,35.7808005]},"properties":{"type":"UnitLabel","unit_id":"6505873","floor_id":"80477","unit_label":"1205"}},{"type":"Feature","id":"6505872","geometry":{"type":"Polygon","coordinates":[[[-78.645326,35.780888],[-78.645325,35.780906],[-78.64542,35.780909],[-78.645422,35.780877],[-78.645462,35.780878],[-78.645463,35.780849],[-78.64541,35.780847],[-78.64541,35.780841],[-78.645328,35.780839],[-78.645328,35.780845],[-78.645327,35.780857],[-78.645314,35.780857],[-78.645313,35.780887],[-78.645326,35.780888]]]},"properties":{"type":"Unit","unit_id":"6505872","floor_id":"80477","extrusion_base":21,"extrusion_height":24}},{"type":"Feature","id":"6505872","geometry":{"type":"Point","coordinates":[-78.645388,35.780874]},"properties":{"type":"UnitLabel","unit_id":"6505872","floor_id":"80477","unit_label":"1204"}},{"type":"Feature","id":"6505871","geometry":{"type":"Polygon","coordinates":[[[-78.645335,35.780973],[-78.645457,35.780977],[-78.645458,35.780945],[-78.645418,35.780943],[-78.64542,35.780909],[-78.645325,35.780906],[-78.645322,35.780962],[-78.645336,35.780962],[-78.645335,35.780973]]]},"properties":{"type":"Unit","unit_id":"6505871","floor_id":"80477","extrusion_base":21,"extrusion_height":24}},{"type":"Feature","id":"6505871","geometry":{"type":"Point","coordinates":[-78.64538999999999,35.7809415]},"properties":{"type":"UnitLabel","unit_id":"6505871","floor_id":"80477","unit_label":"1203"}},{"type":"Feature","id":"6505870","geometry":{"type":"Polygon","coordinates":[[[-78.64532,35.781016],[-78.645333,35.781016],[-78.645332,35.781035],[-78.645442,35.781038],[-78.645443,35.781021],[-78.645455,35.781021],[-78.645457,35.780977],[-78.645335,35.780973],[-78.645334,35.780992],[-78.645321,35.780992],[-78.64532,35.781016]]]},"properties":{"type":"Unit","unit_id":"6505870","floor_id":"80477","extrusion_base":21,"extrusion_height":24}},{"type":"Feature","id":"6505870","geometry":{"type":"Point","coordinates":[-78.6453885,35.781005500000006]},"properties":{"type":"UnitLabel","unit_id":"6505870","floor_id":"80477","unit_label":"1202"}},{"type":"Feature","id":"6505869","geometry":{"type":"Polygon","coordinates":[[[-78.645316,35.781095],[-78.645411,35.781098],[-78.645411,35.781083],[-78.645452,35.781084],[-78.645454,35.781039],[-78.645332,35.781035],[-78.645332,35.78104],[-78.645319,35.781039],[-78.645316,35.781095]]]},"properties":{"type":"Unit","unit_id":"6505869","floor_id":"80477","extrusion_base":21,"extrusion_height":24}},{"type":"Feature","id":"6505869","geometry":{"type":"Point","coordinates":[-78.64535950000001,35.7810665]},"properties":{"type":"UnitLabel","unit_id":"6505869","floor_id":"80477","unit_label":"1201"}},{"type":"Feature","id":"6505912","geometry":{"type":"Polygon","coordinates":[[[-78.645297,35.781203],[-78.645298,35.781174],[-78.645315,35.781174],[-78.645317,35.781145],[-78.645299,35.781145],[-78.645302,35.781094],[-78.645244,35.781092],[-78.645239,35.781201],[-78.645297,35.781203]]]},"properties":{"type":"Unit","unit_id":"6505912","floor_id":"80478","extrusion_base":24,"extrusion_height":27}},{"type":"Feature","id":"6505912","geometry":{"type":"Point","coordinates":[-78.645278,35.781131]},"properties":{"type":"UnitLabel","unit_id":"6505912","floor_id":"80478","unit_label":"1323"}},{"type":"Feature","id":"6505911","geometry":{"type":"Polygon","coordinates":[[[-78.645217,35.781172],[-78.645215,35.7812],[-78.645239,35.781201],[-78.64524,35.781173],[-78.645241,35.781155],[-78.645244,35.781092],[-78.645126,35.781089],[-78.645122,35.781169],[-78.645217,35.781172]]]},"properties":{"type":"Unit","unit_id":"6505911","floor_id":"80478","extrusion_base":24,"extrusion_height":27}},{"type":"Feature","id":"6505911","geometry":{"type":"Point","coordinates":[-78.645188,35.781145]},"properties":{"type":"UnitLabel","unit_id":"6505911","floor_id":"80478","unit_label":"1322"}},{"type":"Feature","id":"6505910","geometry":{"type":"Polygon","coordinates":[[[-78.645213,35.781241],[-78.645119,35.781238],[-78.645122,35.781169],[-78.645217,35.781172],[-78.645213,35.781241],[-78.645213,35.781241]]]},"properties":{"type":"Unit","unit_id":"6505910","floor_id":"80478","extrusion_base":24,"extrusion_height":27}},{"type":"Feature","id":"6505910","geometry":{"type":"Point","coordinates":[-78.645168,35.781205]},"properties":{"type":"UnitLabel","unit_id":"6505910","floor_id":"80478","unit_label":"1321"}},{"type":"Feature","id":"6505909","geometry":{"type":"Polygon","coordinates":[[[-78.645115,35.78132],[-78.645221,35.781323],[-78.645223,35.781282],[-78.645236,35.781266],[-78.645238,35.78122],[-78.645214,35.781219],[-78.645213,35.781241],[-78.645119,35.781238],[-78.645115,35.78132]]]},"properties":{"type":"Unit","unit_id":"6505909","floor_id":"80478","extrusion_base":24,"extrusion_height":27}},{"type":"Feature","id":"6505909","geometry":{"type":"Point","coordinates":[-78.6451765,35.781271000000004]},"properties":{"type":"UnitLabel","unit_id":"6505909","floor_id":"80478","unit_label":"1320"}},{"type":"Feature","id":"6505908","geometry":{"type":"Polygon","coordinates":[[[-78.645221,35.781323],[-78.645233,35.781324],[-78.645243,35.781324],[-78.645299,35.781326],[-78.645304,35.781222],[-78.645238,35.78122],[-78.645236,35.781266],[-78.645223,35.781282],[-78.645221,35.781323]]]},"properties":{"type":"Unit","unit_id":"6505908","floor_id":"80478","extrusion_base":24,"extrusion_height":27}},{"type":"Feature","id":"6505908","geometry":{"type":"Point","coordinates":[-78.6452625,35.781273]},"properties":{"type":"UnitLabel","unit_id":"6505908","floor_id":"80478","unit_label":"1319"}},{"type":"Feature","id":"6505907","geometry":{"type":"Polygon","coordinates":[[[-78.645348,35.781327],[-78.64535,35.781277],[-78.645366,35.781277],[-78.645368,35.781224],[-78.645353,35.781224],[-78.645304,35.781222],[-78.645302,35.781275],[-78.645299,35.781326],[-78.645348,35.781327]]]},"properties":{"type":"Unit","unit_id":"6505907","floor_id":"80478","extrusion_base":24,"extrusion_height":27}},{"type":"Feature","id":"6505907","geometry":{"type":"Point","coordinates":[-78.64533349999999,35.781256500000005]},"properties":{"type":"UnitLabel","unit_id":"6505907","floor_id":"80478","unit_label":"1318"}},{"type":"Feature","id":"6505906","geometry":{"type":"Polygon","coordinates":[[[-78.645348,35.781327],[-78.645363,35.781328],[-78.645428,35.78133],[-78.645431,35.781279],[-78.645433,35.781226],[-78.645368,35.781224],[-78.645366,35.781277],[-78.64535,35.781277],[-78.645348,35.781327]]]},"properties":{"type":"Unit","unit_id":"6505906","floor_id":"80478","extrusion_base":24,"extrusion_height":27}},{"type":"Feature","id":"6505906","geometry":{"type":"Point","coordinates":[-78.64539049999999,35.781277]},"properties":{"type":"UnitLabel","unit_id":"6505906","floor_id":"80478","unit_label":"1317"}},{"type":"Feature","id":"6505905","geometry":{"type":"Polygon","coordinates":[[[-78.645479,35.781331],[-78.645428,35.78133],[-78.645433,35.781226],[-78.645484,35.781228],[-78.645479,35.781331],[-78.645479,35.781331]]]},"properties":{"type":"Unit","unit_id":"6505905","floor_id":"80478","extrusion_base":24,"extrusion_height":27}},{"type":"Feature","id":"6505905","geometry":{"type":"Point","coordinates":[-78.645456,35.7812785]},"properties":{"type":"UnitLabel","unit_id":"6505905","floor_id":"80478","unit_label":"1316"}},{"type":"Feature","id":"6505904","geometry":{"type":"Polygon","coordinates":[[[-78.645485,35.781203],[-78.645485,35.781209],[-78.645474,35.781208],[-78.645473,35.781227],[-78.645484,35.781228],[-78.645479,35.781331],[-78.645561,35.781334],[-78.645567,35.781205],[-78.645485,35.781203]]]},"properties":{"type":"Unit","unit_id":"6505904","floor_id":"80478","extrusion_base":24,"extrusion_height":27}},{"type":"Feature","id":"6505904","geometry":{"type":"Point","coordinates":[-78.64552,35.781268499999996]},"properties":{"type":"UnitLabel","unit_id":"6505904","floor_id":"80478","unit_label":"1315"}},{"type":"Feature","id":"6505903","geometry":{"type":"Polygon","coordinates":[[[-78.645485,35.781209],[-78.645485,35.781203],[-78.645567,35.781205],[-78.645569,35.781157],[-78.645443,35.781153],[-78.645441,35.78119],[-78.64544,35.781201],[-78.64544,35.781207],[-78.645485,35.781209]]]},"properties":{"type":"Unit","unit_id":"6505903","floor_id":"80478","extrusion_base":24,"extrusion_height":27}},{"type":"Feature","id":"6505903","geometry":{"type":"Point","coordinates":[-78.645541,35.781181000000004]},"properties":{"type":"UnitLabel","unit_id":"6505903","floor_id":"80478","unit_label":"1314"}},{"type":"Feature","id":"6505902","geometry":{"type":"Polygon","coordinates":[[[-78.645594,35.781157],[-78.645468,35.781153],[-78.64547,35.781107],[-78.645596,35.781111],[-78.645594,35.781157],[-78.645594,35.781157]]]},"properties":{"type":"Unit","unit_id":"6505902","floor_id":"80478","extrusion_base":24,"extrusion_height":27}},{"type":"Feature","id":"6505902","geometry":{"type":"Point","coordinates":[-78.645532,35.781132]},"properties":{"type":"UnitLabel","unit_id":"6505902","floor_id":"80478","unit_label":"1313"}},{"type":"Feature","id":"6505901","geometry":{"type":"Polygon","coordinates":[[[-78.645596,35.781111],[-78.64547,35.781107],[-78.645475,35.781002],[-78.645601,35.781006],[-78.645596,35.781111],[-78.645596,35.781111]]]},"properties":{"type":"Unit","unit_id":"6505901","floor_id":"80478","extrusion_base":24,"extrusion_height":27}},{"type":"Feature","id":"6505901","geometry":{"type":"Point","coordinates":[-78.6455355,35.781056500000005]},"properties":{"type":"UnitLabel","unit_id":"6505901","floor_id":"80478","unit_label":"1312"}},{"type":"Feature","id":"6505900","geometry":{"type":"Polygon","coordinates":[[[-78.645539,35.781004],[-78.645601,35.781006],[-78.645603,35.780966],[-78.645541,35.780964],[-78.645542,35.780952],[-78.645477,35.78095],[-78.645477,35.780962],[-78.645475,35.781002],[-78.645539,35.781004]]]},"properties":{"type":"Unit","unit_id":"6505900","floor_id":"80478","extrusion_base":24,"extrusion_height":27}},{"type":"Feature","id":"6505900","geometry":{"type":"Point","coordinates":[-78.645519,35.780978]},"properties":{"type":"UnitLabel","unit_id":"6505900","floor_id":"80478","unit_label":"1310"}},{"type":"Feature","id":"6505899","geometry":{"type":"Polygon","coordinates":[[[-78.645542,35.780952],[-78.645541,35.780964],[-78.645603,35.780966],[-78.645603,35.780954],[-78.645606,35.7809],[-78.645544,35.780898],[-78.64548,35.780896],[-78.645477,35.78095],[-78.645542,35.780952]]]},"properties":{"type":"Unit","unit_id":"6505899","floor_id":"80478","extrusion_base":24,"extrusion_height":27}},{"type":"Feature","id":"6505899","geometry":{"type":"Point","coordinates":[-78.645571,35.780930999999995]},"properties":{"type":"UnitLabel","unit_id":"6505899","floor_id":"80478","unit_label":"1309"}},{"type":"Feature","id":"6505898","geometry":{"type":"Polygon","coordinates":[[[-78.645606,35.7809],[-78.64548,35.780896],[-78.645482,35.780849],[-78.645608,35.780853],[-78.645606,35.7809],[-78.645606,35.7809]]]},"properties":{"type":"Unit","unit_id":"6505898","floor_id":"80478","extrusion_base":24,"extrusion_height":27}},{"type":"Feature","id":"6505898","geometry":{"type":"Point","coordinates":[-78.645544,35.7808745]},"properties":{"type":"UnitLabel","unit_id":"6505898","floor_id":"80478","unit_label":"1308"}},{"type":"Feature","id":"6505897","geometry":{"type":"Polygon","coordinates":[[[-78.645482,35.780849],[-78.645508,35.78085],[-78.645521,35.780851],[-78.645608,35.780853],[-78.645613,35.78076],[-78.645512,35.780757],[-78.645509,35.780824],[-78.645483,35.780823],[-78.645482,35.780849]]]},"properties":{"type":"Unit","unit_id":"6505897","floor_id":"80478","extrusion_base":24,"extrusion_height":27}},{"type":"Feature","id":"6505897","geometry":{"type":"Point","coordinates":[-78.645565,35.780805]},"properties":{"type":"UnitLabel","unit_id":"6505897","floor_id":"80478","unit_label":"1307"}},{"type":"Feature","id":"6505896","geometry":{"type":"Polygon","coordinates":[[[-78.645464,35.780828],[-78.645464,35.780822],[-78.645509,35.780824],[-78.645512,35.780757],[-78.645467,35.780755],[-78.645429,35.780754],[-78.645426,35.780821],[-78.645426,35.780826],[-78.645464,35.780828]]]},"properties":{"type":"Unit","unit_id":"6505896","floor_id":"80478","extrusion_base":24,"extrusion_height":27}},{"type":"Feature","id":"6505896","geometry":{"type":"Point","coordinates":[-78.645475,35.780791]},"properties":{"type":"UnitLabel","unit_id":"6505896","floor_id":"80478","unit_label":"1306"}},{"type":"Feature","id":"6505895","geometry":{"type":"Polygon","coordinates":[[[-78.64533,35.780805],[-78.645328,35.780839],[-78.64541,35.780841],[-78.64541,35.780847],[-78.645463,35.780849],[-78.645464,35.780828],[-78.645426,35.780826],[-78.645429,35.780754],[-78.645366,35.780752],[-78.645366,35.780758],[-78.645332,35.780757],[-78.645331,35.780774],[-78.645318,35.780774],[-78.645317,35.780804],[-78.64533,35.780805]]]},"properties":{"type":"Unit","unit_id":"6505895","floor_id":"80478","extrusion_base":24,"extrusion_height":27}},{"type":"Feature","id":"6505895","geometry":{"type":"Point","coordinates":[-78.6453905,35.7808005]},"properties":{"type":"UnitLabel","unit_id":"6505895","floor_id":"80478","unit_label":"1305"}},{"type":"Feature","id":"6505894","geometry":{"type":"Polygon","coordinates":[[[-78.645326,35.780888],[-78.645325,35.780906],[-78.64542,35.780909],[-78.645422,35.780877],[-78.645462,35.780878],[-78.645463,35.780849],[-78.64541,35.780847],[-78.64541,35.780841],[-78.645328,35.780839],[-78.645328,35.780845],[-78.645327,35.780857],[-78.645314,35.780857],[-78.645313,35.780887],[-78.645326,35.780888]]]},"properties":{"type":"Unit","unit_id":"6505894","floor_id":"80478","extrusion_base":24,"extrusion_height":27}},{"type":"Feature","id":"6505894","geometry":{"type":"Point","coordinates":[-78.645388,35.780874]},"properties":{"type":"UnitLabel","unit_id":"6505894","floor_id":"80478","unit_label":"1304"}},{"type":"Feature","id":"6505893","geometry":{"type":"Polygon","coordinates":[[[-78.645335,35.780973],[-78.645457,35.780977],[-78.645458,35.780945],[-78.645418,35.780943],[-78.64542,35.780909],[-78.645325,35.780906],[-78.645322,35.780962],[-78.645336,35.780962],[-78.645335,35.780973]]]},"properties":{"type":"Unit","unit_id":"6505893","floor_id":"80478","extrusion_base":24,"extrusion_height":27}},{"type":"Feature","id":"6505893","geometry":{"type":"Point","coordinates":[-78.64538999999999,35.7809415]},"properties":{"type":"UnitLabel","unit_id":"6505893","floor_id":"80478","unit_label":"1303"}},{"type":"Feature","id":"6505892","geometry":{"type":"Polygon","coordinates":[[[-78.64532,35.781016],[-78.645333,35.781016],[-78.645332,35.781035],[-78.645442,35.781038],[-78.645443,35.781021],[-78.645455,35.781021],[-78.645457,35.780977],[-78.645335,35.780973],[-78.645334,35.780992],[-78.645321,35.780992],[-78.64532,35.781016]]]},"properties":{"type":"Unit","unit_id":"6505892","floor_id":"80478","extrusion_base":24,"extrusion_height":27}},{"type":"Feature","id":"6505892","geometry":{"type":"Point","coordinates":[-78.6453885,35.781005500000006]},"properties":{"type":"UnitLabel","unit_id":"6505892","floor_id":"80478","unit_label":"1302"}},{"type":"Feature","id":"6505891","geometry":{"type":"Polygon","coordinates":[[[-78.645316,35.781095],[-78.645411,35.781098],[-78.645411,35.781083],[-78.645452,35.781084],[-78.645454,35.781039],[-78.645332,35.781035],[-78.645332,35.78104],[-78.645319,35.781039],[-78.645316,35.781095]]]},"properties":{"type":"Unit","unit_id":"6505891","floor_id":"80478","extrusion_base":24,"extrusion_height":27}},{"type":"Feature","id":"6505891","geometry":{"type":"Point","coordinates":[-78.64535950000001,35.7810665]},"properties":{"type":"UnitLabel","unit_id":"6505891","floor_id":"80478","unit_label":"1301"}},{"type":"Feature","id":"6505934","geometry":{"type":"Polygon","coordinates":[[[-78.645297,35.781203],[-78.645298,35.781174],[-78.645315,35.781174],[-78.645317,35.781145],[-78.645299,35.781145],[-78.645302,35.781094],[-78.645244,35.781092],[-78.645239,35.781201],[-78.645297,35.781203]]]},"properties":{"type":"Unit","unit_id":"6505934","floor_id":"80479","extrusion_base":27,"extrusion_height":30}},{"type":"Feature","id":"6505934","geometry":{"type":"Point","coordinates":[-78.645278,35.781131]},"properties":{"type":"UnitLabel","unit_id":"6505934","floor_id":"80479","unit_label":"1423"}},{"type":"Feature","id":"6505933","geometry":{"type":"Polygon","coordinates":[[[-78.645217,35.781172],[-78.645215,35.7812],[-78.645239,35.781201],[-78.64524,35.781173],[-78.645241,35.781155],[-78.645244,35.781092],[-78.645126,35.781089],[-78.645122,35.781169],[-78.645217,35.781172]]]},"properties":{"type":"Unit","unit_id":"6505933","floor_id":"80479","extrusion_base":27,"extrusion_height":30}},{"type":"Feature","id":"6505933","geometry":{"type":"Point","coordinates":[-78.645188,35.781145]},"properties":{"type":"UnitLabel","unit_id":"6505933","floor_id":"80479","unit_label":"1422"}},{"type":"Feature","id":"6505932","geometry":{"type":"Polygon","coordinates":[[[-78.645213,35.781241],[-78.645119,35.781238],[-78.645122,35.781169],[-78.645217,35.781172],[-78.645213,35.781241],[-78.645213,35.781241]]]},"properties":{"type":"Unit","unit_id":"6505932","floor_id":"80479","extrusion_base":27,"extrusion_height":30}},{"type":"Feature","id":"6505932","geometry":{"type":"Point","coordinates":[-78.645168,35.781205]},"properties":{"type":"UnitLabel","unit_id":"6505932","floor_id":"80479","unit_label":"1421"}},{"type":"Feature","id":"6505931","geometry":{"type":"Polygon","coordinates":[[[-78.645115,35.78132],[-78.645221,35.781323],[-78.645223,35.781282],[-78.645236,35.781266],[-78.645238,35.78122],[-78.645214,35.781219],[-78.645213,35.781241],[-78.645119,35.781238],[-78.645115,35.78132]]]},"properties":{"type":"Unit","unit_id":"6505931","floor_id":"80479","extrusion_base":27,"extrusion_height":30}},{"type":"Feature","id":"6505931","geometry":{"type":"Point","coordinates":[-78.6451765,35.781271000000004]},"properties":{"type":"UnitLabel","unit_id":"6505931","floor_id":"80479","unit_label":"1420"}},{"type":"Feature","id":"6505930","geometry":{"type":"Polygon","coordinates":[[[-78.645221,35.781323],[-78.645233,35.781324],[-78.645243,35.781324],[-78.645299,35.781326],[-78.645304,35.781222],[-78.645238,35.78122],[-78.645236,35.781266],[-78.645223,35.781282],[-78.645221,35.781323]]]},"properties":{"type":"Unit","unit_id":"6505930","floor_id":"80479","extrusion_base":27,"extrusion_height":30}},{"type":"Feature","id":"6505930","geometry":{"type":"Point","coordinates":[-78.6452625,35.781273]},"properties":{"type":"UnitLabel","unit_id":"6505930","floor_id":"80479","unit_label":"1419"}},{"type":"Feature","id":"6505929","geometry":{"type":"Polygon","coordinates":[[[-78.645348,35.781327],[-78.64535,35.781277],[-78.645366,35.781277],[-78.645368,35.781224],[-78.645353,35.781224],[-78.645304,35.781222],[-78.645302,35.781275],[-78.645299,35.781326],[-78.645348,35.781327]]]},"properties":{"type":"Unit","unit_id":"6505929","floor_id":"80479","extrusion_base":27,"extrusion_height":30}},{"type":"Feature","id":"6505929","geometry":{"type":"Point","coordinates":[-78.64533349999999,35.781256500000005]},"properties":{"type":"UnitLabel","unit_id":"6505929","floor_id":"80479","unit_label":"1418"}},{"type":"Feature","id":"6505928","geometry":{"type":"Polygon","coordinates":[[[-78.645348,35.781327],[-78.645363,35.781328],[-78.645428,35.78133],[-78.645431,35.781279],[-78.645433,35.781226],[-78.645368,35.781224],[-78.645366,35.781277],[-78.64535,35.781277],[-78.645348,35.781327]]]},"properties":{"type":"Unit","unit_id":"6505928","floor_id":"80479","extrusion_base":27,"extrusion_height":30}},{"type":"Feature","id":"6505928","geometry":{"type":"Point","coordinates":[-78.64539049999999,35.781277]},"properties":{"type":"UnitLabel","unit_id":"6505928","floor_id":"80479","unit_label":"1417"}},{"type":"Feature","id":"6505927","geometry":{"type":"Polygon","coordinates":[[[-78.645479,35.781331],[-78.645428,35.78133],[-78.645433,35.781226],[-78.645484,35.781228],[-78.645479,35.781331],[-78.645479,35.781331]]]},"properties":{"type":"Unit","unit_id":"6505927","floor_id":"80479","extrusion_base":27,"extrusion_height":30}},{"type":"Feature","id":"6505927","geometry":{"type":"Point","coordinates":[-78.645456,35.7812785]},"properties":{"type":"UnitLabel","unit_id":"6505927","floor_id":"80479","unit_label":"1416"}},{"type":"Feature","id":"6505926","geometry":{"type":"Polygon","coordinates":[[[-78.645485,35.781203],[-78.645485,35.781209],[-78.645474,35.781208],[-78.645473,35.781227],[-78.645484,35.781228],[-78.645479,35.781331],[-78.645561,35.781334],[-78.645567,35.781205],[-78.645485,35.781203]]]},"properties":{"type":"Unit","unit_id":"6505926","floor_id":"80479","extrusion_base":27,"extrusion_height":30}},{"type":"Feature","id":"6505926","geometry":{"type":"Point","coordinates":[-78.64552,35.781268499999996]},"properties":{"type":"UnitLabel","unit_id":"6505926","floor_id":"80479","unit_label":"1415"}},{"type":"Feature","id":"6505925","geometry":{"type":"Polygon","coordinates":[[[-78.645485,35.781209],[-78.645485,35.781203],[-78.645567,35.781205],[-78.645569,35.781157],[-78.645443,35.781153],[-78.645441,35.78119],[-78.64544,35.781201],[-78.64544,35.781207],[-78.645485,35.781209]]]},"properties":{"type":"Unit","unit_id":"6505925","floor_id":"80479","extrusion_base":27,"extrusion_height":30}},{"type":"Feature","id":"6505925","geometry":{"type":"Point","coordinates":[-78.645541,35.781181000000004]},"properties":{"type":"UnitLabel","unit_id":"6505925","floor_id":"80479","unit_label":"1414"}},{"type":"Feature","id":"6505924","geometry":{"type":"Polygon","coordinates":[[[-78.645594,35.781157],[-78.645468,35.781153],[-78.64547,35.781107],[-78.645596,35.781111],[-78.645594,35.781157],[-78.645594,35.781157]]]},"properties":{"type":"Unit","unit_id":"6505924","floor_id":"80479","extrusion_base":27,"extrusion_height":30}},{"type":"Feature","id":"6505924","geometry":{"type":"Point","coordinates":[-78.645532,35.781132]},"properties":{"type":"UnitLabel","unit_id":"6505924","floor_id":"80479","unit_label":"1413"}},{"type":"Feature","id":"6505923","geometry":{"type":"Polygon","coordinates":[[[-78.645596,35.781111],[-78.64547,35.781107],[-78.645475,35.781002],[-78.645601,35.781006],[-78.645596,35.781111],[-78.645596,35.781111]]]},"properties":{"type":"Unit","unit_id":"6505923","floor_id":"80479","extrusion_base":27,"extrusion_height":30}},{"type":"Feature","id":"6505923","geometry":{"type":"Point","coordinates":[-78.6455355,35.781056500000005]},"properties":{"type":"UnitLabel","unit_id":"6505923","floor_id":"80479","unit_label":"1412"}},{"type":"Feature","id":"6505922","geometry":{"type":"Polygon","coordinates":[[[-78.645539,35.781004],[-78.645601,35.781006],[-78.645603,35.780966],[-78.645541,35.780964],[-78.645542,35.780952],[-78.645477,35.78095],[-78.645477,35.780962],[-78.645475,35.781002],[-78.645539,35.781004]]]},"properties":{"type":"Unit","unit_id":"6505922","floor_id":"80479","extrusion_base":27,"extrusion_height":30}},{"type":"Feature","id":"6505922","geometry":{"type":"Point","coordinates":[-78.645519,35.780978]},"properties":{"type":"UnitLabel","unit_id":"6505922","floor_id":"80479","unit_label":"1410"}},{"type":"Feature","id":"6505921","geometry":{"type":"Polygon","coordinates":[[[-78.645542,35.780952],[-78.645541,35.780964],[-78.645603,35.780966],[-78.645603,35.780954],[-78.645606,35.7809],[-78.645544,35.780898],[-78.64548,35.780896],[-78.645477,35.78095],[-78.645542,35.780952]]]},"properties":{"type":"Unit","unit_id":"6505921","floor_id":"80479","extrusion_base":27,"extrusion_height":30}},{"type":"Feature","id":"6505921","geometry":{"type":"Point","coordinates":[-78.645571,35.780930999999995]},"properties":{"type":"UnitLabel","unit_id":"6505921","floor_id":"80479","unit_label":"1409"}},{"type":"Feature","id":"6505920","geometry":{"type":"Polygon","coordinates":[[[-78.645606,35.7809],[-78.64548,35.780896],[-78.645482,35.780849],[-78.645608,35.780853],[-78.645606,35.7809],[-78.645606,35.7809]]]},"properties":{"type":"Unit","unit_id":"6505920","floor_id":"80479","extrusion_base":27,"extrusion_height":30}},{"type":"Feature","id":"6505920","geometry":{"type":"Point","coordinates":[-78.645544,35.7808745]},"properties":{"type":"UnitLabel","unit_id":"6505920","floor_id":"80479","unit_label":"1408"}},{"type":"Feature","id":"6505919","geometry":{"type":"Polygon","coordinates":[[[-78.645482,35.780849],[-78.645508,35.78085],[-78.645521,35.780851],[-78.645608,35.780853],[-78.645613,35.78076],[-78.645512,35.780757],[-78.645509,35.780824],[-78.645483,35.780823],[-78.645482,35.780849]]]},"properties":{"type":"Unit","unit_id":"6505919","floor_id":"80479","extrusion_base":27,"extrusion_height":30}},{"type":"Feature","id":"6505919","geometry":{"type":"Point","coordinates":[-78.645565,35.780805]},"properties":{"type":"UnitLabel","unit_id":"6505919","floor_id":"80479","unit_label":"1407"}},{"type":"Feature","id":"6505918","geometry":{"type":"Polygon","coordinates":[[[-78.645464,35.780828],[-78.645464,35.780822],[-78.645509,35.780824],[-78.645512,35.780757],[-78.645467,35.780755],[-78.645429,35.780754],[-78.645426,35.780821],[-78.645426,35.780826],[-78.645464,35.780828]]]},"properties":{"type":"Unit","unit_id":"6505918","floor_id":"80479","extrusion_base":27,"extrusion_height":30}},{"type":"Feature","id":"6505918","geometry":{"type":"Point","coordinates":[-78.645475,35.780791]},"properties":{"type":"UnitLabel","unit_id":"6505918","floor_id":"80479","unit_label":"1406"}},{"type":"Feature","id":"6505917","geometry":{"type":"Polygon","coordinates":[[[-78.64533,35.780805],[-78.645328,35.780839],[-78.64541,35.780841],[-78.64541,35.780847],[-78.645463,35.780849],[-78.645464,35.780828],[-78.645426,35.780826],[-78.645429,35.780754],[-78.645366,35.780752],[-78.645366,35.780758],[-78.645332,35.780757],[-78.645331,35.780774],[-78.645318,35.780774],[-78.645317,35.780804],[-78.64533,35.780805]]]},"properties":{"type":"Unit","unit_id":"6505917","floor_id":"80479","extrusion_base":27,"extrusion_height":30}},{"type":"Feature","id":"6505917","geometry":{"type":"Point","coordinates":[-78.6453905,35.7808005]},"properties":{"type":"UnitLabel","unit_id":"6505917","floor_id":"80479","unit_label":"1405"}},{"type":"Feature","id":"6505916","geometry":{"type":"Polygon","coordinates":[[[-78.645326,35.780888],[-78.645325,35.780906],[-78.64542,35.780909],[-78.645422,35.780877],[-78.645462,35.780878],[-78.645463,35.780849],[-78.64541,35.780847],[-78.64541,35.780841],[-78.645328,35.780839],[-78.645328,35.780845],[-78.645327,35.780857],[-78.645314,35.780857],[-78.645313,35.780887],[-78.645326,35.780888]]]},"properties":{"type":"Unit","unit_id":"6505916","floor_id":"80479","extrusion_base":27,"extrusion_height":30}},{"type":"Feature","id":"6505916","geometry":{"type":"Point","coordinates":[-78.645388,35.780874]},"properties":{"type":"UnitLabel","unit_id":"6505916","floor_id":"80479","unit_label":"1404"}},{"type":"Feature","id":"6505915","geometry":{"type":"Polygon","coordinates":[[[-78.645335,35.780973],[-78.645457,35.780977],[-78.645458,35.780945],[-78.645418,35.780943],[-78.64542,35.780909],[-78.645325,35.780906],[-78.645322,35.780962],[-78.645336,35.780962],[-78.645335,35.780973]]]},"properties":{"type":"Unit","unit_id":"6505915","floor_id":"80479","extrusion_base":27,"extrusion_height":30}},{"type":"Feature","id":"6505915","geometry":{"type":"Point","coordinates":[-78.64538999999999,35.7809415]},"properties":{"type":"UnitLabel","unit_id":"6505915","floor_id":"80479","unit_label":"1403"}},{"type":"Feature","id":"6505914","geometry":{"type":"Polygon","coordinates":[[[-78.64532,35.781016],[-78.645333,35.781016],[-78.645332,35.781035],[-78.645442,35.781038],[-78.645443,35.781021],[-78.645455,35.781021],[-78.645457,35.780977],[-78.645335,35.780973],[-78.645334,35.780992],[-78.645321,35.780992],[-78.64532,35.781016]]]},"properties":{"type":"Unit","unit_id":"6505914","floor_id":"80479","extrusion_base":27,"extrusion_height":30}},{"type":"Feature","id":"6505914","geometry":{"type":"Point","coordinates":[-78.6453885,35.781005500000006]},"properties":{"type":"UnitLabel","unit_id":"6505914","floor_id":"80479","unit_label":"1402"}},{"type":"Feature","id":"6505913","geometry":{"type":"Polygon","coordinates":[[[-78.645316,35.781095],[-78.645411,35.781098],[-78.645411,35.781083],[-78.645452,35.781084],[-78.645454,35.781039],[-78.645332,35.781035],[-78.645332,35.78104],[-78.645319,35.781039],[-78.645316,35.781095]]]},"properties":{"type":"Unit","unit_id":"6505913","floor_id":"80479","extrusion_base":27,"extrusion_height":30}},{"type":"Feature","id":"6505913","geometry":{"type":"Point","coordinates":[-78.64535950000001,35.7810665]},"properties":{"type":"UnitLabel","unit_id":"6505913","floor_id":"80479","unit_label":"1401"}},{"type":"Feature","id":"6505956","geometry":{"type":"Polygon","coordinates":[[[-78.645297,35.781203],[-78.645298,35.781174],[-78.645315,35.781174],[-78.645317,35.781145],[-78.645299,35.781145],[-78.645302,35.781094],[-78.645244,35.781092],[-78.645239,35.781201],[-78.645297,35.781203]]]},"properties":{"type":"Unit","unit_id":"6505956","floor_id":"80480","extrusion_base":30,"extrusion_height":33}},{"type":"Feature","id":"6505956","geometry":{"type":"Point","coordinates":[-78.645278,35.781131]},"properties":{"type":"UnitLabel","unit_id":"6505956","floor_id":"80480","unit_label":"1523"}},{"type":"Feature","id":"6505955","geometry":{"type":"Polygon","coordinates":[[[-78.645217,35.781172],[-78.645215,35.7812],[-78.645239,35.781201],[-78.64524,35.781173],[-78.645241,35.781155],[-78.645244,35.781092],[-78.645126,35.781089],[-78.645122,35.781169],[-78.645217,35.781172]]]},"properties":{"type":"Unit","unit_id":"6505955","floor_id":"80480","extrusion_base":30,"extrusion_height":33}},{"type":"Feature","id":"6505955","geometry":{"type":"Point","coordinates":[-78.645188,35.781145]},"properties":{"type":"UnitLabel","unit_id":"6505955","floor_id":"80480","unit_label":"1522"}},{"type":"Feature","id":"6505954","geometry":{"type":"Polygon","coordinates":[[[-78.645213,35.781241],[-78.645119,35.781238],[-78.645122,35.781169],[-78.645217,35.781172],[-78.645213,35.781241],[-78.645213,35.781241]]]},"properties":{"type":"Unit","unit_id":"6505954","floor_id":"80480","extrusion_base":30,"extrusion_height":33}},{"type":"Feature","id":"6505954","geometry":{"type":"Point","coordinates":[-78.645168,35.781205]},"properties":{"type":"UnitLabel","unit_id":"6505954","floor_id":"80480","unit_label":"1521"}},{"type":"Feature","id":"6505953","geometry":{"type":"Polygon","coordinates":[[[-78.645115,35.78132],[-78.645221,35.781323],[-78.645223,35.781282],[-78.645236,35.781266],[-78.645238,35.78122],[-78.645214,35.781219],[-78.645213,35.781241],[-78.645119,35.781238],[-78.645115,35.78132]]]},"properties":{"type":"Unit","unit_id":"6505953","floor_id":"80480","extrusion_base":30,"extrusion_height":33}},{"type":"Feature","id":"6505953","geometry":{"type":"Point","coordinates":[-78.6451765,35.781271000000004]},"properties":{"type":"UnitLabel","unit_id":"6505953","floor_id":"80480","unit_label":"1520"}},{"type":"Feature","id":"6505952","geometry":{"type":"Polygon","coordinates":[[[-78.645221,35.781323],[-78.645233,35.781324],[-78.645243,35.781324],[-78.645299,35.781326],[-78.645304,35.781222],[-78.645238,35.78122],[-78.645236,35.781266],[-78.645223,35.781282],[-78.645221,35.781323]]]},"properties":{"type":"Unit","unit_id":"6505952","floor_id":"80480","extrusion_base":30,"extrusion_height":33}},{"type":"Feature","id":"6505952","geometry":{"type":"Point","coordinates":[-78.6452625,35.781273]},"properties":{"type":"UnitLabel","unit_id":"6505952","floor_id":"80480","unit_label":"1519"}},{"type":"Feature","id":"6505951","geometry":{"type":"Polygon","coordinates":[[[-78.645348,35.781327],[-78.64535,35.781277],[-78.645366,35.781277],[-78.645368,35.781224],[-78.645353,35.781224],[-78.645304,35.781222],[-78.645302,35.781275],[-78.645299,35.781326],[-78.645348,35.781327]]]},"properties":{"type":"Unit","unit_id":"6505951","floor_id":"80480","extrusion_base":30,"extrusion_height":33}},{"type":"Feature","id":"6505951","geometry":{"type":"Point","coordinates":[-78.64533349999999,35.781256500000005]},"properties":{"type":"UnitLabel","unit_id":"6505951","floor_id":"80480","unit_label":"1518"}},{"type":"Feature","id":"6505950","geometry":{"type":"Polygon","coordinates":[[[-78.645348,35.781327],[-78.645363,35.781328],[-78.645428,35.78133],[-78.645431,35.781279],[-78.645433,35.781226],[-78.645368,35.781224],[-78.645366,35.781277],[-78.64535,35.781277],[-78.645348,35.781327]]]},"properties":{"type":"Unit","unit_id":"6505950","floor_id":"80480","extrusion_base":30,"extrusion_height":33}},{"type":"Feature","id":"6505950","geometry":{"type":"Point","coordinates":[-78.64539049999999,35.781277]},"properties":{"type":"UnitLabel","unit_id":"6505950","floor_id":"80480","unit_label":"1517"}},{"type":"Feature","id":"6505949","geometry":{"type":"Polygon","coordinates":[[[-78.645479,35.781331],[-78.645428,35.78133],[-78.645433,35.781226],[-78.645484,35.781228],[-78.645479,35.781331],[-78.645479,35.781331]]]},"properties":{"type":"Unit","unit_id":"6505949","floor_id":"80480","extrusion_base":30,"extrusion_height":33}},{"type":"Feature","id":"6505949","geometry":{"type":"Point","coordinates":[-78.645456,35.7812785]},"properties":{"type":"UnitLabel","unit_id":"6505949","floor_id":"80480","unit_label":"1516"}},{"type":"Feature","id":"6505948","geometry":{"type":"Polygon","coordinates":[[[-78.645485,35.781203],[-78.645485,35.781209],[-78.645474,35.781208],[-78.645473,35.781227],[-78.645484,35.781228],[-78.645479,35.781331],[-78.645561,35.781334],[-78.645567,35.781205],[-78.645485,35.781203]]]},"properties":{"type":"Unit","unit_id":"6505948","floor_id":"80480","extrusion_base":30,"extrusion_height":33}},{"type":"Feature","id":"6505948","geometry":{"type":"Point","coordinates":[-78.64552,35.781268499999996]},"properties":{"type":"UnitLabel","unit_id":"6505948","floor_id":"80480","unit_label":"1515"}},{"type":"Feature","id":"6505947","geometry":{"type":"Polygon","coordinates":[[[-78.645485,35.781209],[-78.645485,35.781203],[-78.645567,35.781205],[-78.645569,35.781157],[-78.645443,35.781153],[-78.645441,35.78119],[-78.64544,35.781201],[-78.64544,35.781207],[-78.645485,35.781209]]]},"properties":{"type":"Unit","unit_id":"6505947","floor_id":"80480","extrusion_base":30,"extrusion_height":33}},{"type":"Feature","id":"6505947","geometry":{"type":"Point","coordinates":[-78.645541,35.781181000000004]},"properties":{"type":"UnitLabel","unit_id":"6505947","floor_id":"80480","unit_label":"1514"}},{"type":"Feature","id":"6505946","geometry":{"type":"Polygon","coordinates":[[[-78.645594,35.781157],[-78.645468,35.781153],[-78.64547,35.781107],[-78.645596,35.781111],[-78.645594,35.781157],[-78.645594,35.781157]]]},"properties":{"type":"Unit","unit_id":"6505946","floor_id":"80480","extrusion_base":30,"extrusion_height":33}},{"type":"Feature","id":"6505946","geometry":{"type":"Point","coordinates":[-78.645532,35.781132]},"properties":{"type":"UnitLabel","unit_id":"6505946","floor_id":"80480","unit_label":"1513"}},{"type":"Feature","id":"6505945","geometry":{"type":"Polygon","coordinates":[[[-78.645596,35.781111],[-78.64547,35.781107],[-78.645475,35.781002],[-78.645601,35.781006],[-78.645596,35.781111],[-78.645596,35.781111]]]},"properties":{"type":"Unit","unit_id":"6505945","floor_id":"80480","extrusion_base":30,"extrusion_height":33}},{"type":"Feature","id":"6505945","geometry":{"type":"Point","coordinates":[-78.6455355,35.781056500000005]},"properties":{"type":"UnitLabel","unit_id":"6505945","floor_id":"80480","unit_label":"1512"}},{"type":"Feature","id":"6505944","geometry":{"type":"Polygon","coordinates":[[[-78.645539,35.781004],[-78.645601,35.781006],[-78.645603,35.780966],[-78.645541,35.780964],[-78.645542,35.780952],[-78.645477,35.78095],[-78.645477,35.780962],[-78.645475,35.781002],[-78.645539,35.781004]]]},"properties":{"type":"Unit","unit_id":"6505944","floor_id":"80480","extrusion_base":30,"extrusion_height":33}},{"type":"Feature","id":"6505944","geometry":{"type":"Point","coordinates":[-78.645519,35.780978]},"properties":{"type":"UnitLabel","unit_id":"6505944","floor_id":"80480","unit_label":"1510"}},{"type":"Feature","id":"6505943","geometry":{"type":"Polygon","coordinates":[[[-78.645542,35.780952],[-78.645541,35.780964],[-78.645603,35.780966],[-78.645603,35.780954],[-78.645606,35.7809],[-78.645544,35.780898],[-78.64548,35.780896],[-78.645477,35.78095],[-78.645542,35.780952]]]},"properties":{"type":"Unit","unit_id":"6505943","floor_id":"80480","extrusion_base":30,"extrusion_height":33}},{"type":"Feature","id":"6505943","geometry":{"type":"Point","coordinates":[-78.645571,35.780930999999995]},"properties":{"type":"UnitLabel","unit_id":"6505943","floor_id":"80480","unit_label":"1509"}},{"type":"Feature","id":"6505942","geometry":{"type":"Polygon","coordinates":[[[-78.645606,35.7809],[-78.64548,35.780896],[-78.645482,35.780849],[-78.645608,35.780853],[-78.645606,35.7809],[-78.645606,35.7809]]]},"properties":{"type":"Unit","unit_id":"6505942","floor_id":"80480","extrusion_base":30,"extrusion_height":33}},{"type":"Feature","id":"6505942","geometry":{"type":"Point","coordinates":[-78.645544,35.7808745]},"properties":{"type":"UnitLabel","unit_id":"6505942","floor_id":"80480","unit_label":"1508"}},{"type":"Feature","id":"6505941","geometry":{"type":"Polygon","coordinates":[[[-78.645482,35.780849],[-78.645508,35.78085],[-78.645521,35.780851],[-78.645608,35.780853],[-78.645613,35.78076],[-78.645512,35.780757],[-78.645509,35.780824],[-78.645483,35.780823],[-78.645482,35.780849]]]},"properties":{"type":"Unit","unit_id":"6505941","floor_id":"80480","extrusion_base":30,"extrusion_height":33}},{"type":"Feature","id":"6505941","geometry":{"type":"Point","coordinates":[-78.645565,35.780805]},"properties":{"type":"UnitLabel","unit_id":"6505941","floor_id":"80480","unit_label":"1507"}},{"type":"Feature","id":"6505940","geometry":{"type":"Polygon","coordinates":[[[-78.645464,35.780828],[-78.645464,35.780822],[-78.645509,35.780824],[-78.645512,35.780757],[-78.645467,35.780755],[-78.645429,35.780754],[-78.645426,35.780821],[-78.645426,35.780826],[-78.645464,35.780828]]]},"properties":{"type":"Unit","unit_id":"6505940","floor_id":"80480","extrusion_base":30,"extrusion_height":33}},{"type":"Feature","id":"6505940","geometry":{"type":"Point","coordinates":[-78.645475,35.780791]},"properties":{"type":"UnitLabel","unit_id":"6505940","floor_id":"80480","unit_label":"1506"}},{"type":"Feature","id":"6505939","geometry":{"type":"Polygon","coordinates":[[[-78.64533,35.780805],[-78.645328,35.780839],[-78.64541,35.780841],[-78.64541,35.780847],[-78.645463,35.780849],[-78.645464,35.780828],[-78.645426,35.780826],[-78.645429,35.780754],[-78.645366,35.780752],[-78.645366,35.780758],[-78.645332,35.780757],[-78.645331,35.780774],[-78.645318,35.780774],[-78.645317,35.780804],[-78.64533,35.780805]]]},"properties":{"type":"Unit","unit_id":"6505939","floor_id":"80480","extrusion_base":30,"extrusion_height":33}},{"type":"Feature","id":"6505939","geometry":{"type":"Point","coordinates":[-78.6453905,35.7808005]},"properties":{"type":"UnitLabel","unit_id":"6505939","floor_id":"80480","unit_label":"1505"}},{"type":"Feature","id":"6505938","geometry":{"type":"Polygon","coordinates":[[[-78.645326,35.780888],[-78.645325,35.780906],[-78.64542,35.780909],[-78.645422,35.780877],[-78.645462,35.780878],[-78.645463,35.780849],[-78.64541,35.780847],[-78.64541,35.780841],[-78.645328,35.780839],[-78.645328,35.780845],[-78.645327,35.780857],[-78.645314,35.780857],[-78.645313,35.780887],[-78.645326,35.780888]]]},"properties":{"type":"Unit","unit_id":"6505938","floor_id":"80480","extrusion_base":30,"extrusion_height":33}},{"type":"Feature","id":"6505938","geometry":{"type":"Point","coordinates":[-78.645388,35.780874]},"properties":{"type":"UnitLabel","unit_id":"6505938","floor_id":"80480","unit_label":"1504"}},{"type":"Feature","id":"6505937","geometry":{"type":"Polygon","coordinates":[[[-78.645335,35.780973],[-78.645457,35.780977],[-78.645458,35.780945],[-78.645418,35.780943],[-78.64542,35.780909],[-78.645325,35.780906],[-78.645322,35.780962],[-78.645336,35.780962],[-78.645335,35.780973]]]},"properties":{"type":"Unit","unit_id":"6505937","floor_id":"80480","extrusion_base":30,"extrusion_height":33}},{"type":"Feature","id":"6505937","geometry":{"type":"Point","coordinates":[-78.64538999999999,35.7809415]},"properties":{"type":"UnitLabel","unit_id":"6505937","floor_id":"80480","unit_label":"1503"}},{"type":"Feature","id":"6505936","geometry":{"type":"Polygon","coordinates":[[[-78.64532,35.781016],[-78.645333,35.781016],[-78.645332,35.781035],[-78.645442,35.781038],[-78.645443,35.781021],[-78.645455,35.781021],[-78.645457,35.780977],[-78.645335,35.780973],[-78.645334,35.780992],[-78.645321,35.780992],[-78.64532,35.781016]]]},"properties":{"type":"Unit","unit_id":"6505936","floor_id":"80480","extrusion_base":30,"extrusion_height":33}},{"type":"Feature","id":"6505936","geometry":{"type":"Point","coordinates":[-78.6453885,35.781005500000006]},"properties":{"type":"UnitLabel","unit_id":"6505936","floor_id":"80480","unit_label":"1502"}},{"type":"Feature","id":"6505935","geometry":{"type":"Polygon","coordinates":[[[-78.645316,35.781095],[-78.645411,35.781098],[-78.645411,35.781083],[-78.645452,35.781084],[-78.645454,35.781039],[-78.645332,35.781035],[-78.645332,35.78104],[-78.645319,35.781039],[-78.645316,35.781095]]]},"properties":{"type":"Unit","unit_id":"6505935","floor_id":"80480","extrusion_base":30,"extrusion_height":33}},{"type":"Feature","id":"6505935","geometry":{"type":"Point","coordinates":[-78.64535950000001,35.7810665]},"properties":{"type":"UnitLabel","unit_id":"6505935","floor_id":"80480","unit_label":"1501"}},{"type":"Feature","id":"6505978","geometry":{"type":"Polygon","coordinates":[[[-78.645297,35.781203],[-78.645298,35.781174],[-78.645315,35.781174],[-78.645317,35.781145],[-78.645299,35.781145],[-78.645302,35.781094],[-78.645244,35.781092],[-78.645239,35.781201],[-78.645297,35.781203]]]},"properties":{"type":"Unit","unit_id":"6505978","floor_id":"80481","extrusion_base":33,"extrusion_height":36}},{"type":"Feature","id":"6505978","geometry":{"type":"Point","coordinates":[-78.645278,35.781131]},"properties":{"type":"UnitLabel","unit_id":"6505978","floor_id":"80481","unit_label":"1623"}},{"type":"Feature","id":"6505977","geometry":{"type":"Polygon","coordinates":[[[-78.645217,35.781172],[-78.645215,35.7812],[-78.645239,35.781201],[-78.64524,35.781173],[-78.645241,35.781155],[-78.645244,35.781092],[-78.645126,35.781089],[-78.645122,35.781169],[-78.645217,35.781172]]]},"properties":{"type":"Unit","unit_id":"6505977","floor_id":"80481","extrusion_base":33,"extrusion_height":36}},{"type":"Feature","id":"6505977","geometry":{"type":"Point","coordinates":[-78.645188,35.781145]},"properties":{"type":"UnitLabel","unit_id":"6505977","floor_id":"80481","unit_label":"1622"}},{"type":"Feature","id":"6505976","geometry":{"type":"Polygon","coordinates":[[[-78.645213,35.781241],[-78.645119,35.781238],[-78.645122,35.781169],[-78.645217,35.781172],[-78.645213,35.781241],[-78.645213,35.781241]]]},"properties":{"type":"Unit","unit_id":"6505976","floor_id":"80481","extrusion_base":33,"extrusion_height":36}},{"type":"Feature","id":"6505976","geometry":{"type":"Point","coordinates":[-78.645168,35.781205]},"properties":{"type":"UnitLabel","unit_id":"6505976","floor_id":"80481","unit_label":"1621"}},{"type":"Feature","id":"6505975","geometry":{"type":"Polygon","coordinates":[[[-78.645115,35.78132],[-78.645221,35.781323],[-78.645223,35.781282],[-78.645236,35.781266],[-78.645238,35.78122],[-78.645214,35.781219],[-78.645213,35.781241],[-78.645119,35.781238],[-78.645115,35.78132]]]},"properties":{"type":"Unit","unit_id":"6505975","floor_id":"80481","extrusion_base":33,"extrusion_height":36}},{"type":"Feature","id":"6505975","geometry":{"type":"Point","coordinates":[-78.6451765,35.781271000000004]},"properties":{"type":"UnitLabel","unit_id":"6505975","floor_id":"80481","unit_label":"1620"}},{"type":"Feature","id":"6505974","geometry":{"type":"Polygon","coordinates":[[[-78.645221,35.781323],[-78.645233,35.781324],[-78.645243,35.781324],[-78.645299,35.781326],[-78.645304,35.781222],[-78.645238,35.78122],[-78.645236,35.781266],[-78.645223,35.781282],[-78.645221,35.781323]]]},"properties":{"type":"Unit","unit_id":"6505974","floor_id":"80481","extrusion_base":33,"extrusion_height":36}},{"type":"Feature","id":"6505974","geometry":{"type":"Point","coordinates":[-78.6452625,35.781273]},"properties":{"type":"UnitLabel","unit_id":"6505974","floor_id":"80481","unit_label":"1619"}},{"type":"Feature","id":"6505973","geometry":{"type":"Polygon","coordinates":[[[-78.645348,35.781327],[-78.64535,35.781277],[-78.645366,35.781277],[-78.645368,35.781224],[-78.645353,35.781224],[-78.645304,35.781222],[-78.645302,35.781275],[-78.645299,35.781326],[-78.645348,35.781327]]]},"properties":{"type":"Unit","unit_id":"6505973","floor_id":"80481","extrusion_base":33,"extrusion_height":36}},{"type":"Feature","id":"6505973","geometry":{"type":"Point","coordinates":[-78.64533349999999,35.781256500000005]},"properties":{"type":"UnitLabel","unit_id":"6505973","floor_id":"80481","unit_label":"1618"}},{"type":"Feature","id":"6505972","geometry":{"type":"Polygon","coordinates":[[[-78.645348,35.781327],[-78.645363,35.781328],[-78.645428,35.78133],[-78.645431,35.781279],[-78.645433,35.781226],[-78.645368,35.781224],[-78.645366,35.781277],[-78.64535,35.781277],[-78.645348,35.781327]]]},"properties":{"type":"Unit","unit_id":"6505972","floor_id":"80481","extrusion_base":33,"extrusion_height":36}},{"type":"Feature","id":"6505972","geometry":{"type":"Point","coordinates":[-78.64539049999999,35.781277]},"properties":{"type":"UnitLabel","unit_id":"6505972","floor_id":"80481","unit_label":"1617"}},{"type":"Feature","id":"6505971","geometry":{"type":"Polygon","coordinates":[[[-78.645479,35.781331],[-78.645428,35.78133],[-78.645433,35.781226],[-78.645484,35.781228],[-78.645479,35.781331],[-78.645479,35.781331]]]},"properties":{"type":"Unit","unit_id":"6505971","floor_id":"80481","extrusion_base":33,"extrusion_height":36}},{"type":"Feature","id":"6505971","geometry":{"type":"Point","coordinates":[-78.645456,35.7812785]},"properties":{"type":"UnitLabel","unit_id":"6505971","floor_id":"80481","unit_label":"1616"}},{"type":"Feature","id":"6505970","geometry":{"type":"Polygon","coordinates":[[[-78.645485,35.781203],[-78.645485,35.781209],[-78.645474,35.781208],[-78.645473,35.781227],[-78.645484,35.781228],[-78.645479,35.781331],[-78.645561,35.781334],[-78.645567,35.781205],[-78.645485,35.781203]]]},"properties":{"type":"Unit","unit_id":"6505970","floor_id":"80481","extrusion_base":33,"extrusion_height":36}},{"type":"Feature","id":"6505970","geometry":{"type":"Point","coordinates":[-78.64552,35.781268499999996]},"properties":{"type":"UnitLabel","unit_id":"6505970","floor_id":"80481","unit_label":"1615"}},{"type":"Feature","id":"6505969","geometry":{"type":"Polygon","coordinates":[[[-78.645485,35.781209],[-78.645485,35.781203],[-78.645567,35.781205],[-78.645569,35.781157],[-78.645443,35.781153],[-78.645441,35.78119],[-78.64544,35.781201],[-78.64544,35.781207],[-78.645485,35.781209]]]},"properties":{"type":"Unit","unit_id":"6505969","floor_id":"80481","extrusion_base":33,"extrusion_height":36}},{"type":"Feature","id":"6505969","geometry":{"type":"Point","coordinates":[-78.645541,35.781181000000004]},"properties":{"type":"UnitLabel","unit_id":"6505969","floor_id":"80481","unit_label":"1614"}},{"type":"Feature","id":"6505968","geometry":{"type":"Polygon","coordinates":[[[-78.645594,35.781157],[-78.645468,35.781153],[-78.64547,35.781107],[-78.645596,35.781111],[-78.645594,35.781157],[-78.645594,35.781157]]]},"properties":{"type":"Unit","unit_id":"6505968","floor_id":"80481","extrusion_base":33,"extrusion_height":36}},{"type":"Feature","id":"6505968","geometry":{"type":"Point","coordinates":[-78.645532,35.781132]},"properties":{"type":"UnitLabel","unit_id":"6505968","floor_id":"80481","unit_label":"1613"}},{"type":"Feature","id":"6505967","geometry":{"type":"Polygon","coordinates":[[[-78.645596,35.781111],[-78.64547,35.781107],[-78.645475,35.781002],[-78.645601,35.781006],[-78.645596,35.781111],[-78.645596,35.781111]]]},"properties":{"type":"Unit","unit_id":"6505967","floor_id":"80481","extrusion_base":33,"extrusion_height":36}},{"type":"Feature","id":"6505967","geometry":{"type":"Point","coordinates":[-78.6455355,35.781056500000005]},"properties":{"type":"UnitLabel","unit_id":"6505967","floor_id":"80481","unit_label":"1612"}},{"type":"Feature","id":"6505966","geometry":{"type":"Polygon","coordinates":[[[-78.645539,35.781004],[-78.645601,35.781006],[-78.645603,35.780966],[-78.645541,35.780964],[-78.645542,35.780952],[-78.645477,35.78095],[-78.645477,35.780962],[-78.645475,35.781002],[-78.645539,35.781004]]]},"properties":{"type":"Unit","unit_id":"6505966","floor_id":"80481","extrusion_base":33,"extrusion_height":36}},{"type":"Feature","id":"6505966","geometry":{"type":"Point","coordinates":[-78.645519,35.780978]},"properties":{"type":"UnitLabel","unit_id":"6505966","floor_id":"80481","unit_label":"1610"}},{"type":"Feature","id":"6505965","geometry":{"type":"Polygon","coordinates":[[[-78.645542,35.780952],[-78.645541,35.780964],[-78.645603,35.780966],[-78.645603,35.780954],[-78.645606,35.7809],[-78.645544,35.780898],[-78.64548,35.780896],[-78.645477,35.78095],[-78.645542,35.780952]]]},"properties":{"type":"Unit","unit_id":"6505965","floor_id":"80481","extrusion_base":33,"extrusion_height":36}},{"type":"Feature","id":"6505965","geometry":{"type":"Point","coordinates":[-78.645571,35.780930999999995]},"properties":{"type":"UnitLabel","unit_id":"6505965","floor_id":"80481","unit_label":"1609"}},{"type":"Feature","id":"6505964","geometry":{"type":"Polygon","coordinates":[[[-78.645606,35.7809],[-78.64548,35.780896],[-78.645482,35.780849],[-78.645608,35.780853],[-78.645606,35.7809],[-78.645606,35.7809]]]},"properties":{"type":"Unit","unit_id":"6505964","floor_id":"80481","extrusion_base":33,"extrusion_height":36}},{"type":"Feature","id":"6505964","geometry":{"type":"Point","coordinates":[-78.645544,35.7808745]},"properties":{"type":"UnitLabel","unit_id":"6505964","floor_id":"80481","unit_label":"1608"}},{"type":"Feature","id":"6505963","geometry":{"type":"Polygon","coordinates":[[[-78.645482,35.780849],[-78.645508,35.78085],[-78.645521,35.780851],[-78.645608,35.780853],[-78.645613,35.78076],[-78.645512,35.780757],[-78.645509,35.780824],[-78.645483,35.780823],[-78.645482,35.780849]]]},"properties":{"type":"Unit","unit_id":"6505963","floor_id":"80481","extrusion_base":33,"extrusion_height":36}},{"type":"Feature","id":"6505963","geometry":{"type":"Point","coordinates":[-78.645565,35.780805]},"properties":{"type":"UnitLabel","unit_id":"6505963","floor_id":"80481","unit_label":"1607"}},{"type":"Feature","id":"6505962","geometry":{"type":"Polygon","coordinates":[[[-78.645464,35.780828],[-78.645464,35.780822],[-78.645509,35.780824],[-78.645512,35.780757],[-78.645467,35.780755],[-78.645429,35.780754],[-78.645426,35.780821],[-78.645426,35.780826],[-78.645464,35.780828]]]},"properties":{"type":"Unit","unit_id":"6505962","floor_id":"80481","extrusion_base":33,"extrusion_height":36}},{"type":"Feature","id":"6505962","geometry":{"type":"Point","coordinates":[-78.645475,35.780791]},"properties":{"type":"UnitLabel","unit_id":"6505962","floor_id":"80481","unit_label":"1606"}},{"type":"Feature","id":"6505961","geometry":{"type":"Polygon","coordinates":[[[-78.64533,35.780805],[-78.645328,35.780839],[-78.64541,35.780841],[-78.64541,35.780847],[-78.645463,35.780849],[-78.645464,35.780828],[-78.645426,35.780826],[-78.645429,35.780754],[-78.645366,35.780752],[-78.645366,35.780758],[-78.645332,35.780757],[-78.645331,35.780774],[-78.645318,35.780774],[-78.645317,35.780804],[-78.64533,35.780805]]]},"properties":{"type":"Unit","unit_id":"6505961","floor_id":"80481","extrusion_base":33,"extrusion_height":36}},{"type":"Feature","id":"6505961","geometry":{"type":"Point","coordinates":[-78.6453905,35.7808005]},"properties":{"type":"UnitLabel","unit_id":"6505961","floor_id":"80481","unit_label":"1605"}},{"type":"Feature","id":"6505960","geometry":{"type":"Polygon","coordinates":[[[-78.645326,35.780888],[-78.645325,35.780906],[-78.64542,35.780909],[-78.645422,35.780877],[-78.645462,35.780878],[-78.645463,35.780849],[-78.64541,35.780847],[-78.64541,35.780841],[-78.645328,35.780839],[-78.645328,35.780845],[-78.645327,35.780857],[-78.645314,35.780857],[-78.645313,35.780887],[-78.645326,35.780888]]]},"properties":{"type":"Unit","unit_id":"6505960","floor_id":"80481","extrusion_base":33,"extrusion_height":36}},{"type":"Feature","id":"6505960","geometry":{"type":"Point","coordinates":[-78.645388,35.780874]},"properties":{"type":"UnitLabel","unit_id":"6505960","floor_id":"80481","unit_label":"1604"}},{"type":"Feature","id":"6505959","geometry":{"type":"Polygon","coordinates":[[[-78.645335,35.780973],[-78.645457,35.780977],[-78.645458,35.780945],[-78.645418,35.780943],[-78.64542,35.780909],[-78.645325,35.780906],[-78.645322,35.780962],[-78.645336,35.780962],[-78.645335,35.780973]]]},"properties":{"type":"Unit","unit_id":"6505959","floor_id":"80481","extrusion_base":33,"extrusion_height":36}},{"type":"Feature","id":"6505959","geometry":{"type":"Point","coordinates":[-78.64538999999999,35.7809415]},"properties":{"type":"UnitLabel","unit_id":"6505959","floor_id":"80481","unit_label":"1603"}},{"type":"Feature","id":"6505958","geometry":{"type":"Polygon","coordinates":[[[-78.64532,35.781016],[-78.645333,35.781016],[-78.645332,35.781035],[-78.645442,35.781038],[-78.645443,35.781021],[-78.645455,35.781021],[-78.645457,35.780977],[-78.645335,35.780973],[-78.645334,35.780992],[-78.645321,35.780992],[-78.64532,35.781016]]]},"properties":{"type":"Unit","unit_id":"6505958","floor_id":"80481","extrusion_base":33,"extrusion_height":36}},{"type":"Feature","id":"6505958","geometry":{"type":"Point","coordinates":[-78.6453885,35.781005500000006]},"properties":{"type":"UnitLabel","unit_id":"6505958","floor_id":"80481","unit_label":"1602"}},{"type":"Feature","id":"6505957","geometry":{"type":"Polygon","coordinates":[[[-78.645316,35.781095],[-78.645411,35.781098],[-78.645411,35.781083],[-78.645452,35.781084],[-78.645454,35.781039],[-78.645332,35.781035],[-78.645332,35.78104],[-78.645319,35.781039],[-78.645316,35.781095]]]},"properties":{"type":"Unit","unit_id":"6505957","floor_id":"80481","extrusion_base":33,"extrusion_height":36}},{"type":"Feature","id":"6505957","geometry":{"type":"Point","coordinates":[-78.64535950000001,35.7810665]},"properties":{"type":"UnitLabel","unit_id":"6505957","floor_id":"80481","unit_label":"1601"}},{"type":"Feature","id":"6506000","geometry":{"type":"Polygon","coordinates":[[[-78.645297,35.781203],[-78.645298,35.781174],[-78.645315,35.781174],[-78.645317,35.781145],[-78.645299,35.781145],[-78.645302,35.781094],[-78.645244,35.781092],[-78.645239,35.781201],[-78.645297,35.781203]]]},"properties":{"type":"Unit","unit_id":"6506000","floor_id":"80482","extrusion_base":36,"extrusion_height":39}},{"type":"Feature","id":"6506000","geometry":{"type":"Point","coordinates":[-78.645278,35.781131]},"properties":{"type":"UnitLabel","unit_id":"6506000","floor_id":"80482","unit_label":"1723"}},{"type":"Feature","id":"6505999","geometry":{"type":"Polygon","coordinates":[[[-78.645217,35.781172],[-78.645215,35.7812],[-78.645239,35.781201],[-78.64524,35.781173],[-78.645241,35.781155],[-78.645244,35.781092],[-78.645126,35.781089],[-78.645122,35.781169],[-78.645217,35.781172]]]},"properties":{"type":"Unit","unit_id":"6505999","floor_id":"80482","extrusion_base":36,"extrusion_height":39}},{"type":"Feature","id":"6505999","geometry":{"type":"Point","coordinates":[-78.645188,35.781145]},"properties":{"type":"UnitLabel","unit_id":"6505999","floor_id":"80482","unit_label":"1722"}},{"type":"Feature","id":"6505998","geometry":{"type":"Polygon","coordinates":[[[-78.645213,35.781241],[-78.645119,35.781238],[-78.645122,35.781169],[-78.645217,35.781172],[-78.645213,35.781241],[-78.645213,35.781241]]]},"properties":{"type":"Unit","unit_id":"6505998","floor_id":"80482","extrusion_base":36,"extrusion_height":39}},{"type":"Feature","id":"6505998","geometry":{"type":"Point","coordinates":[-78.645168,35.781205]},"properties":{"type":"UnitLabel","unit_id":"6505998","floor_id":"80482","unit_label":"1721"}},{"type":"Feature","id":"6505997","geometry":{"type":"Polygon","coordinates":[[[-78.645115,35.78132],[-78.645221,35.781323],[-78.645223,35.781282],[-78.645236,35.781266],[-78.645238,35.78122],[-78.645214,35.781219],[-78.645213,35.781241],[-78.645119,35.781238],[-78.645115,35.78132]]]},"properties":{"type":"Unit","unit_id":"6505997","floor_id":"80482","extrusion_base":36,"extrusion_height":39}},{"type":"Feature","id":"6505997","geometry":{"type":"Point","coordinates":[-78.6451765,35.781271000000004]},"properties":{"type":"UnitLabel","unit_id":"6505997","floor_id":"80482","unit_label":"1720"}},{"type":"Feature","id":"6505996","geometry":{"type":"Polygon","coordinates":[[[-78.645221,35.781323],[-78.645233,35.781324],[-78.645243,35.781324],[-78.645299,35.781326],[-78.645304,35.781222],[-78.645238,35.78122],[-78.645236,35.781266],[-78.645223,35.781282],[-78.645221,35.781323]]]},"properties":{"type":"Unit","unit_id":"6505996","floor_id":"80482","extrusion_base":36,"extrusion_height":39}},{"type":"Feature","id":"6505996","geometry":{"type":"Point","coordinates":[-78.6452625,35.781273]},"properties":{"type":"UnitLabel","unit_id":"6505996","floor_id":"80482","unit_label":"1719"}},{"type":"Feature","id":"6505995","geometry":{"type":"Polygon","coordinates":[[[-78.645348,35.781327],[-78.64535,35.781277],[-78.645366,35.781277],[-78.645368,35.781224],[-78.645353,35.781224],[-78.645304,35.781222],[-78.645302,35.781275],[-78.645299,35.781326],[-78.645348,35.781327]]]},"properties":{"type":"Unit","unit_id":"6505995","floor_id":"80482","extrusion_base":36,"extrusion_height":39}},{"type":"Feature","id":"6505995","geometry":{"type":"Point","coordinates":[-78.64533349999999,35.781256500000005]},"properties":{"type":"UnitLabel","unit_id":"6505995","floor_id":"80482","unit_label":"1718"}},{"type":"Feature","id":"6505994","geometry":{"type":"Polygon","coordinates":[[[-78.645348,35.781327],[-78.645363,35.781328],[-78.645428,35.78133],[-78.645431,35.781279],[-78.645433,35.781226],[-78.645368,35.781224],[-78.645366,35.781277],[-78.64535,35.781277],[-78.645348,35.781327]]]},"properties":{"type":"Unit","unit_id":"6505994","floor_id":"80482","extrusion_base":36,"extrusion_height":39}},{"type":"Feature","id":"6505994","geometry":{"type":"Point","coordinates":[-78.64539049999999,35.781277]},"properties":{"type":"UnitLabel","unit_id":"6505994","floor_id":"80482","unit_label":"1717"}},{"type":"Feature","id":"6505993","geometry":{"type":"Polygon","coordinates":[[[-78.645479,35.781331],[-78.645428,35.78133],[-78.645433,35.781226],[-78.645484,35.781228],[-78.645479,35.781331],[-78.645479,35.781331]]]},"properties":{"type":"Unit","unit_id":"6505993","floor_id":"80482","extrusion_base":36,"extrusion_height":39}},{"type":"Feature","id":"6505993","geometry":{"type":"Point","coordinates":[-78.645456,35.7812785]},"properties":{"type":"UnitLabel","unit_id":"6505993","floor_id":"80482","unit_label":"1716"}},{"type":"Feature","id":"6505992","geometry":{"type":"Polygon","coordinates":[[[-78.645485,35.781203],[-78.645485,35.781209],[-78.645474,35.781208],[-78.645473,35.781227],[-78.645484,35.781228],[-78.645479,35.781331],[-78.645561,35.781334],[-78.645567,35.781205],[-78.645485,35.781203]]]},"properties":{"type":"Unit","unit_id":"6505992","floor_id":"80482","extrusion_base":36,"extrusion_height":39}},{"type":"Feature","id":"6505992","geometry":{"type":"Point","coordinates":[-78.64552,35.781268499999996]},"properties":{"type":"UnitLabel","unit_id":"6505992","floor_id":"80482","unit_label":"1715"}},{"type":"Feature","id":"6505991","geometry":{"type":"Polygon","coordinates":[[[-78.645485,35.781209],[-78.645485,35.781203],[-78.645567,35.781205],[-78.645569,35.781157],[-78.645443,35.781153],[-78.645441,35.78119],[-78.64544,35.781201],[-78.64544,35.781207],[-78.645485,35.781209]]]},"properties":{"type":"Unit","unit_id":"6505991","floor_id":"80482","extrusion_base":36,"extrusion_height":39}},{"type":"Feature","id":"6505991","geometry":{"type":"Point","coordinates":[-78.645541,35.781181000000004]},"properties":{"type":"UnitLabel","unit_id":"6505991","floor_id":"80482","unit_label":"1714"}},{"type":"Feature","id":"6505990","geometry":{"type":"Polygon","coordinates":[[[-78.645594,35.781157],[-78.645468,35.781153],[-78.64547,35.781107],[-78.645596,35.781111],[-78.645594,35.781157],[-78.645594,35.781157]]]},"properties":{"type":"Unit","unit_id":"6505990","floor_id":"80482","extrusion_base":36,"extrusion_height":39}},{"type":"Feature","id":"6505990","geometry":{"type":"Point","coordinates":[-78.645532,35.781132]},"properties":{"type":"UnitLabel","unit_id":"6505990","floor_id":"80482","unit_label":"1713"}},{"type":"Feature","id":"6505989","geometry":{"type":"Polygon","coordinates":[[[-78.645596,35.781111],[-78.64547,35.781107],[-78.645475,35.781002],[-78.645601,35.781006],[-78.645596,35.781111],[-78.645596,35.781111]]]},"properties":{"type":"Unit","unit_id":"6505989","floor_id":"80482","extrusion_base":36,"extrusion_height":39}},{"type":"Feature","id":"6505989","geometry":{"type":"Point","coordinates":[-78.6455355,35.781056500000005]},"properties":{"type":"UnitLabel","unit_id":"6505989","floor_id":"80482","unit_label":"1712"}},{"type":"Feature","id":"6505988","geometry":{"type":"Polygon","coordinates":[[[-78.645539,35.781004],[-78.645601,35.781006],[-78.645603,35.780966],[-78.645541,35.780964],[-78.645542,35.780952],[-78.645477,35.78095],[-78.645477,35.780962],[-78.645475,35.781002],[-78.645539,35.781004]]]},"properties":{"type":"Unit","unit_id":"6505988","floor_id":"80482","extrusion_base":36,"extrusion_height":39}},{"type":"Feature","id":"6505988","geometry":{"type":"Point","coordinates":[-78.645519,35.780978]},"properties":{"type":"UnitLabel","unit_id":"6505988","floor_id":"80482","unit_label":"1710"}},{"type":"Feature","id":"6505987","geometry":{"type":"Polygon","coordinates":[[[-78.645542,35.780952],[-78.645541,35.780964],[-78.645603,35.780966],[-78.645603,35.780954],[-78.645606,35.7809],[-78.645544,35.780898],[-78.64548,35.780896],[-78.645477,35.78095],[-78.645542,35.780952]]]},"properties":{"type":"Unit","unit_id":"6505987","floor_id":"80482","extrusion_base":36,"extrusion_height":39}},{"type":"Feature","id":"6505987","geometry":{"type":"Point","coordinates":[-78.645571,35.780930999999995]},"properties":{"type":"UnitLabel","unit_id":"6505987","floor_id":"80482","unit_label":"1709"}},{"type":"Feature","id":"6505986","geometry":{"type":"Polygon","coordinates":[[[-78.645606,35.7809],[-78.64548,35.780896],[-78.645482,35.780849],[-78.645608,35.780853],[-78.645606,35.7809],[-78.645606,35.7809]]]},"properties":{"type":"Unit","unit_id":"6505986","floor_id":"80482","extrusion_base":36,"extrusion_height":39}},{"type":"Feature","id":"6505986","geometry":{"type":"Point","coordinates":[-78.645544,35.7808745]},"properties":{"type":"UnitLabel","unit_id":"6505986","floor_id":"80482","unit_label":"1708"}},{"type":"Feature","id":"6505985","geometry":{"type":"Polygon","coordinates":[[[-78.645482,35.780849],[-78.645508,35.78085],[-78.645521,35.780851],[-78.645608,35.780853],[-78.645613,35.78076],[-78.645512,35.780757],[-78.645509,35.780824],[-78.645483,35.780823],[-78.645482,35.780849]]]},"properties":{"type":"Unit","unit_id":"6505985","floor_id":"80482","extrusion_base":36,"extrusion_height":39}},{"type":"Feature","id":"6505985","geometry":{"type":"Point","coordinates":[-78.645565,35.780805]},"properties":{"type":"UnitLabel","unit_id":"6505985","floor_id":"80482","unit_label":"1707"}},{"type":"Feature","id":"6505984","geometry":{"type":"Polygon","coordinates":[[[-78.645464,35.780828],[-78.645464,35.780822],[-78.645509,35.780824],[-78.645512,35.780757],[-78.645467,35.780755],[-78.645429,35.780754],[-78.645426,35.780821],[-78.645426,35.780826],[-78.645464,35.780828]]]},"properties":{"type":"Unit","unit_id":"6505984","floor_id":"80482","extrusion_base":36,"extrusion_height":39}},{"type":"Feature","id":"6505984","geometry":{"type":"Point","coordinates":[-78.645475,35.780791]},"properties":{"type":"UnitLabel","unit_id":"6505984","floor_id":"80482","unit_label":"1706"}},{"type":"Feature","id":"6505983","geometry":{"type":"Polygon","coordinates":[[[-78.64533,35.780805],[-78.645328,35.780839],[-78.64541,35.780841],[-78.64541,35.780847],[-78.645463,35.780849],[-78.645464,35.780828],[-78.645426,35.780826],[-78.645429,35.780754],[-78.645366,35.780752],[-78.645366,35.780758],[-78.645332,35.780757],[-78.645331,35.780774],[-78.645318,35.780774],[-78.645317,35.780804],[-78.64533,35.780805]]]},"properties":{"type":"Unit","unit_id":"6505983","floor_id":"80482","extrusion_base":36,"extrusion_height":39}},{"type":"Feature","id":"6505983","geometry":{"type":"Point","coordinates":[-78.6453905,35.7808005]},"properties":{"type":"UnitLabel","unit_id":"6505983","floor_id":"80482","unit_label":"1705"}},{"type":"Feature","id":"6505982","geometry":{"type":"Polygon","coordinates":[[[-78.645326,35.780888],[-78.645325,35.780906],[-78.64542,35.780909],[-78.645422,35.780877],[-78.645462,35.780878],[-78.645463,35.780849],[-78.64541,35.780847],[-78.64541,35.780841],[-78.645328,35.780839],[-78.645328,35.780845],[-78.645327,35.780857],[-78.645314,35.780857],[-78.645313,35.780887],[-78.645326,35.780888]]]},"properties":{"type":"Unit","unit_id":"6505982","floor_id":"80482","extrusion_base":36,"extrusion_height":39}},{"type":"Feature","id":"6505982","geometry":{"type":"Point","coordinates":[-78.645388,35.780874]},"properties":{"type":"UnitLabel","unit_id":"6505982","floor_id":"80482","unit_label":"1704"}},{"type":"Feature","id":"6505981","geometry":{"type":"Polygon","coordinates":[[[-78.645335,35.780973],[-78.645457,35.780977],[-78.645458,35.780945],[-78.645418,35.780943],[-78.64542,35.780909],[-78.645325,35.780906],[-78.645322,35.780962],[-78.645336,35.780962],[-78.645335,35.780973]]]},"properties":{"type":"Unit","unit_id":"6505981","floor_id":"80482","extrusion_base":36,"extrusion_height":39}},{"type":"Feature","id":"6505981","geometry":{"type":"Point","coordinates":[-78.64538999999999,35.7809415]},"properties":{"type":"UnitLabel","unit_id":"6505981","floor_id":"80482","unit_label":"1703"}},{"type":"Feature","id":"6505980","geometry":{"type":"Polygon","coordinates":[[[-78.64532,35.781016],[-78.645333,35.781016],[-78.645332,35.781035],[-78.645442,35.781038],[-78.645443,35.781021],[-78.645455,35.781021],[-78.645457,35.780977],[-78.645335,35.780973],[-78.645334,35.780992],[-78.645321,35.780992],[-78.64532,35.781016]]]},"properties":{"type":"Unit","unit_id":"6505980","floor_id":"80482","extrusion_base":36,"extrusion_height":39}},{"type":"Feature","id":"6505980","geometry":{"type":"Point","coordinates":[-78.6453885,35.781005500000006]},"properties":{"type":"UnitLabel","unit_id":"6505980","floor_id":"80482","unit_label":"1702"}},{"type":"Feature","id":"6505979","geometry":{"type":"Polygon","coordinates":[[[-78.645316,35.781095],[-78.645411,35.781098],[-78.645411,35.781083],[-78.645452,35.781084],[-78.645454,35.781039],[-78.645332,35.781035],[-78.645332,35.78104],[-78.645319,35.781039],[-78.645316,35.781095]]]},"properties":{"type":"Unit","unit_id":"6505979","floor_id":"80482","extrusion_base":36,"extrusion_height":39}},{"type":"Feature","id":"6505979","geometry":{"type":"Point","coordinates":[-78.64535950000001,35.7810665]},"properties":{"type":"UnitLabel","unit_id":"6505979","floor_id":"80482","unit_label":"1701"}},{"type":"Feature","id":"6506022","geometry":{"type":"Polygon","coordinates":[[[-78.645297,35.781203],[-78.645298,35.781174],[-78.645315,35.781174],[-78.645317,35.781145],[-78.645299,35.781145],[-78.645302,35.781094],[-78.645244,35.781092],[-78.645239,35.781201],[-78.645297,35.781203]]]},"properties":{"type":"Unit","unit_id":"6506022","floor_id":"80483","extrusion_base":39,"extrusion_height":42}},{"type":"Feature","id":"6506022","geometry":{"type":"Point","coordinates":[-78.645278,35.781131]},"properties":{"type":"UnitLabel","unit_id":"6506022","floor_id":"80483","unit_label":"1823"}},{"type":"Feature","id":"6506021","geometry":{"type":"Polygon","coordinates":[[[-78.645217,35.781172],[-78.645215,35.7812],[-78.645239,35.781201],[-78.64524,35.781173],[-78.645241,35.781155],[-78.645244,35.781092],[-78.645126,35.781089],[-78.645122,35.781169],[-78.645217,35.781172]]]},"properties":{"type":"Unit","unit_id":"6506021","floor_id":"80483","extrusion_base":39,"extrusion_height":42}},{"type":"Feature","id":"6506021","geometry":{"type":"Point","coordinates":[-78.645188,35.781145]},"properties":{"type":"UnitLabel","unit_id":"6506021","floor_id":"80483","unit_label":"1822"}},{"type":"Feature","id":"6506020","geometry":{"type":"Polygon","coordinates":[[[-78.645213,35.781241],[-78.645119,35.781238],[-78.645122,35.781169],[-78.645217,35.781172],[-78.645213,35.781241],[-78.645213,35.781241]]]},"properties":{"type":"Unit","unit_id":"6506020","floor_id":"80483","extrusion_base":39,"extrusion_height":42}},{"type":"Feature","id":"6506020","geometry":{"type":"Point","coordinates":[-78.645168,35.781205]},"properties":{"type":"UnitLabel","unit_id":"6506020","floor_id":"80483","unit_label":"1821"}},{"type":"Feature","id":"6506019","geometry":{"type":"Polygon","coordinates":[[[-78.645115,35.78132],[-78.645221,35.781323],[-78.645223,35.781282],[-78.645236,35.781266],[-78.645238,35.78122],[-78.645214,35.781219],[-78.645213,35.781241],[-78.645119,35.781238],[-78.645115,35.78132]]]},"properties":{"type":"Unit","unit_id":"6506019","floor_id":"80483","extrusion_base":39,"extrusion_height":42}},{"type":"Feature","id":"6506019","geometry":{"type":"Point","coordinates":[-78.6451765,35.781271000000004]},"properties":{"type":"UnitLabel","unit_id":"6506019","floor_id":"80483","unit_label":"1820"}},{"type":"Feature","id":"6506018","geometry":{"type":"Polygon","coordinates":[[[-78.645221,35.781323],[-78.645233,35.781324],[-78.645243,35.781324],[-78.645299,35.781326],[-78.645304,35.781222],[-78.645238,35.78122],[-78.645236,35.781266],[-78.645223,35.781282],[-78.645221,35.781323]]]},"properties":{"type":"Unit","unit_id":"6506018","floor_id":"80483","extrusion_base":39,"extrusion_height":42}},{"type":"Feature","id":"6506018","geometry":{"type":"Point","coordinates":[-78.6452625,35.781273]},"properties":{"type":"UnitLabel","unit_id":"6506018","floor_id":"80483","unit_label":"1819"}},{"type":"Feature","id":"6506017","geometry":{"type":"Polygon","coordinates":[[[-78.645348,35.781327],[-78.64535,35.781277],[-78.645366,35.781277],[-78.645368,35.781224],[-78.645353,35.781224],[-78.645304,35.781222],[-78.645302,35.781275],[-78.645299,35.781326],[-78.645348,35.781327]]]},"properties":{"type":"Unit","unit_id":"6506017","floor_id":"80483","extrusion_base":39,"extrusion_height":42}},{"type":"Feature","id":"6506017","geometry":{"type":"Point","coordinates":[-78.64533349999999,35.781256500000005]},"properties":{"type":"UnitLabel","unit_id":"6506017","floor_id":"80483","unit_label":"1818"}},{"type":"Feature","id":"6506016","geometry":{"type":"Polygon","coordinates":[[[-78.645348,35.781327],[-78.645363,35.781328],[-78.645428,35.78133],[-78.645431,35.781279],[-78.645433,35.781226],[-78.645368,35.781224],[-78.645366,35.781277],[-78.64535,35.781277],[-78.645348,35.781327]]]},"properties":{"type":"Unit","unit_id":"6506016","floor_id":"80483","extrusion_base":39,"extrusion_height":42}},{"type":"Feature","id":"6506016","geometry":{"type":"Point","coordinates":[-78.64539049999999,35.781277]},"properties":{"type":"UnitLabel","unit_id":"6506016","floor_id":"80483","unit_label":"1817"}},{"type":"Feature","id":"6506015","geometry":{"type":"Polygon","coordinates":[[[-78.645479,35.781331],[-78.645428,35.78133],[-78.645433,35.781226],[-78.645484,35.781228],[-78.645479,35.781331],[-78.645479,35.781331]]]},"properties":{"type":"Unit","unit_id":"6506015","floor_id":"80483","extrusion_base":39,"extrusion_height":42}},{"type":"Feature","id":"6506015","geometry":{"type":"Point","coordinates":[-78.645456,35.7812785]},"properties":{"type":"UnitLabel","unit_id":"6506015","floor_id":"80483","unit_label":"1816"}},{"type":"Feature","id":"6506014","geometry":{"type":"Polygon","coordinates":[[[-78.645485,35.781203],[-78.645485,35.781209],[-78.645474,35.781208],[-78.645473,35.781227],[-78.645484,35.781228],[-78.645479,35.781331],[-78.645561,35.781334],[-78.645567,35.781205],[-78.645485,35.781203]]]},"properties":{"type":"Unit","unit_id":"6506014","floor_id":"80483","extrusion_base":39,"extrusion_height":42}},{"type":"Feature","id":"6506014","geometry":{"type":"Point","coordinates":[-78.64552,35.781268499999996]},"properties":{"type":"UnitLabel","unit_id":"6506014","floor_id":"80483","unit_label":"1815"}},{"type":"Feature","id":"6506013","geometry":{"type":"Polygon","coordinates":[[[-78.645485,35.781209],[-78.645485,35.781203],[-78.645567,35.781205],[-78.645569,35.781157],[-78.645443,35.781153],[-78.645441,35.78119],[-78.64544,35.781201],[-78.64544,35.781207],[-78.645485,35.781209]]]},"properties":{"type":"Unit","unit_id":"6506013","floor_id":"80483","extrusion_base":39,"extrusion_height":42}},{"type":"Feature","id":"6506013","geometry":{"type":"Point","coordinates":[-78.645541,35.781181000000004]},"properties":{"type":"UnitLabel","unit_id":"6506013","floor_id":"80483","unit_label":"1814"}},{"type":"Feature","id":"6506012","geometry":{"type":"Polygon","coordinates":[[[-78.645594,35.781157],[-78.645468,35.781153],[-78.64547,35.781107],[-78.645596,35.781111],[-78.645594,35.781157],[-78.645594,35.781157]]]},"properties":{"type":"Unit","unit_id":"6506012","floor_id":"80483","extrusion_base":39,"extrusion_height":42}},{"type":"Feature","id":"6506012","geometry":{"type":"Point","coordinates":[-78.645532,35.781132]},"properties":{"type":"UnitLabel","unit_id":"6506012","floor_id":"80483","unit_label":"1813"}},{"type":"Feature","id":"6506011","geometry":{"type":"Polygon","coordinates":[[[-78.645596,35.781111],[-78.64547,35.781107],[-78.645475,35.781002],[-78.645601,35.781006],[-78.645596,35.781111],[-78.645596,35.781111]]]},"properties":{"type":"Unit","unit_id":"6506011","floor_id":"80483","extrusion_base":39,"extrusion_height":42}},{"type":"Feature","id":"6506011","geometry":{"type":"Point","coordinates":[-78.6455355,35.781056500000005]},"properties":{"type":"UnitLabel","unit_id":"6506011","floor_id":"80483","unit_label":"1812"}},{"type":"Feature","id":"6506010","geometry":{"type":"Polygon","coordinates":[[[-78.645539,35.781004],[-78.645601,35.781006],[-78.645603,35.780966],[-78.645541,35.780964],[-78.645542,35.780952],[-78.645477,35.78095],[-78.645477,35.780962],[-78.645475,35.781002],[-78.645539,35.781004]]]},"properties":{"type":"Unit","unit_id":"6506010","floor_id":"80483","extrusion_base":39,"extrusion_height":42}},{"type":"Feature","id":"6506010","geometry":{"type":"Point","coordinates":[-78.645519,35.780978]},"properties":{"type":"UnitLabel","unit_id":"6506010","floor_id":"80483","unit_label":"1810"}},{"type":"Feature","id":"6506009","geometry":{"type":"Polygon","coordinates":[[[-78.645542,35.780952],[-78.645541,35.780964],[-78.645603,35.780966],[-78.645603,35.780954],[-78.645606,35.7809],[-78.645544,35.780898],[-78.64548,35.780896],[-78.645477,35.78095],[-78.645542,35.780952]]]},"properties":{"type":"Unit","unit_id":"6506009","floor_id":"80483","extrusion_base":39,"extrusion_height":42}},{"type":"Feature","id":"6506009","geometry":{"type":"Point","coordinates":[-78.645571,35.780930999999995]},"properties":{"type":"UnitLabel","unit_id":"6506009","floor_id":"80483","unit_label":"1809"}},{"type":"Feature","id":"6506008","geometry":{"type":"Polygon","coordinates":[[[-78.645606,35.7809],[-78.64548,35.780896],[-78.645482,35.780849],[-78.645608,35.780853],[-78.645606,35.7809],[-78.645606,35.7809]]]},"properties":{"type":"Unit","unit_id":"6506008","floor_id":"80483","extrusion_base":39,"extrusion_height":42}},{"type":"Feature","id":"6506008","geometry":{"type":"Point","coordinates":[-78.645544,35.7808745]},"properties":{"type":"UnitLabel","unit_id":"6506008","floor_id":"80483","unit_label":"1808"}},{"type":"Feature","id":"6506007","geometry":{"type":"Polygon","coordinates":[[[-78.645482,35.780849],[-78.645508,35.78085],[-78.645521,35.780851],[-78.645608,35.780853],[-78.645613,35.78076],[-78.645512,35.780757],[-78.645509,35.780824],[-78.645483,35.780823],[-78.645482,35.780849]]]},"properties":{"type":"Unit","unit_id":"6506007","floor_id":"80483","extrusion_base":39,"extrusion_height":42}},{"type":"Feature","id":"6506007","geometry":{"type":"Point","coordinates":[-78.645565,35.780805]},"properties":{"type":"UnitLabel","unit_id":"6506007","floor_id":"80483","unit_label":"1807"}},{"type":"Feature","id":"6506006","geometry":{"type":"Polygon","coordinates":[[[-78.645464,35.780828],[-78.645464,35.780822],[-78.645509,35.780824],[-78.645512,35.780757],[-78.645467,35.780755],[-78.645429,35.780754],[-78.645426,35.780821],[-78.645426,35.780826],[-78.645464,35.780828]]]},"properties":{"type":"Unit","unit_id":"6506006","floor_id":"80483","extrusion_base":39,"extrusion_height":42}},{"type":"Feature","id":"6506006","geometry":{"type":"Point","coordinates":[-78.645475,35.780791]},"properties":{"type":"UnitLabel","unit_id":"6506006","floor_id":"80483","unit_label":"1806"}},{"type":"Feature","id":"6506005","geometry":{"type":"Polygon","coordinates":[[[-78.64533,35.780805],[-78.645328,35.780839],[-78.64541,35.780841],[-78.64541,35.780847],[-78.645463,35.780849],[-78.645464,35.780828],[-78.645426,35.780826],[-78.645429,35.780754],[-78.645366,35.780752],[-78.645366,35.780758],[-78.645332,35.780757],[-78.645331,35.780774],[-78.645318,35.780774],[-78.645317,35.780804],[-78.64533,35.780805]]]},"properties":{"type":"Unit","unit_id":"6506005","floor_id":"80483","extrusion_base":39,"extrusion_height":42}},{"type":"Feature","id":"6506005","geometry":{"type":"Point","coordinates":[-78.6453905,35.7808005]},"properties":{"type":"UnitLabel","unit_id":"6506005","floor_id":"80483","unit_label":"1805"}},{"type":"Feature","id":"6506004","geometry":{"type":"Polygon","coordinates":[[[-78.645326,35.780888],[-78.645325,35.780906],[-78.64542,35.780909],[-78.645422,35.780877],[-78.645462,35.780878],[-78.645463,35.780849],[-78.64541,35.780847],[-78.64541,35.780841],[-78.645328,35.780839],[-78.645328,35.780845],[-78.645327,35.780857],[-78.645314,35.780857],[-78.645313,35.780887],[-78.645326,35.780888]]]},"properties":{"type":"Unit","unit_id":"6506004","floor_id":"80483","extrusion_base":39,"extrusion_height":42}},{"type":"Feature","id":"6506004","geometry":{"type":"Point","coordinates":[-78.645388,35.780874]},"properties":{"type":"UnitLabel","unit_id":"6506004","floor_id":"80483","unit_label":"1804"}},{"type":"Feature","id":"6506003","geometry":{"type":"Polygon","coordinates":[[[-78.645335,35.780973],[-78.645457,35.780977],[-78.645458,35.780945],[-78.645418,35.780943],[-78.64542,35.780909],[-78.645325,35.780906],[-78.645322,35.780962],[-78.645336,35.780962],[-78.645335,35.780973]]]},"properties":{"type":"Unit","unit_id":"6506003","floor_id":"80483","extrusion_base":39,"extrusion_height":42}},{"type":"Feature","id":"6506003","geometry":{"type":"Point","coordinates":[-78.64538999999999,35.7809415]},"properties":{"type":"UnitLabel","unit_id":"6506003","floor_id":"80483","unit_label":"1803"}},{"type":"Feature","id":"6506002","geometry":{"type":"Polygon","coordinates":[[[-78.64532,35.781016],[-78.645333,35.781016],[-78.645332,35.781035],[-78.645442,35.781038],[-78.645443,35.781021],[-78.645455,35.781021],[-78.645457,35.780977],[-78.645335,35.780973],[-78.645334,35.780992],[-78.645321,35.780992],[-78.64532,35.781016]]]},"properties":{"type":"Unit","unit_id":"6506002","floor_id":"80483","extrusion_base":39,"extrusion_height":42}},{"type":"Feature","id":"6506002","geometry":{"type":"Point","coordinates":[-78.6453885,35.781005500000006]},"properties":{"type":"UnitLabel","unit_id":"6506002","floor_id":"80483","unit_label":"1802"}},{"type":"Feature","id":"6506001","geometry":{"type":"Polygon","coordinates":[[[-78.645316,35.781095],[-78.645411,35.781098],[-78.645411,35.781083],[-78.645452,35.781084],[-78.645454,35.781039],[-78.645332,35.781035],[-78.645332,35.78104],[-78.645319,35.781039],[-78.645316,35.781095]]]},"properties":{"type":"Unit","unit_id":"6506001","floor_id":"80483","extrusion_base":39,"extrusion_height":42}},{"type":"Feature","id":"6506001","geometry":{"type":"Point","coordinates":[-78.64535950000001,35.7810665]},"properties":{"type":"UnitLabel","unit_id":"6506001","floor_id":"80483","unit_label":"1801"}},{"type":"Feature","id":"6506042","geometry":{"type":"Polygon","coordinates":[[[-78.645297,35.781203],[-78.645298,35.781174],[-78.645315,35.781174],[-78.645317,35.781145],[-78.645299,35.781145],[-78.645302,35.781094],[-78.645244,35.781092],[-78.645239,35.781201],[-78.645297,35.781203]]]},"properties":{"type":"Unit","unit_id":"6506042","floor_id":"80484","extrusion_base":42,"extrusion_height":45}},{"type":"Feature","id":"6506042","geometry":{"type":"Point","coordinates":[-78.645278,35.781131]},"properties":{"type":"UnitLabel","unit_id":"6506042","floor_id":"80484","unit_label":"1923"}},{"type":"Feature","id":"6506041","geometry":{"type":"Polygon","coordinates":[[[-78.645217,35.781172],[-78.645215,35.7812],[-78.645239,35.781201],[-78.64524,35.781173],[-78.645241,35.781155],[-78.645244,35.781092],[-78.645126,35.781089],[-78.645122,35.781169],[-78.645217,35.781172]]]},"properties":{"type":"Unit","unit_id":"6506041","floor_id":"80484","extrusion_base":42,"extrusion_height":45}},{"type":"Feature","id":"6506041","geometry":{"type":"Point","coordinates":[-78.645188,35.781145]},"properties":{"type":"UnitLabel","unit_id":"6506041","floor_id":"80484","unit_label":"1922"}},{"type":"Feature","id":"6506040","geometry":{"type":"Polygon","coordinates":[[[-78.645213,35.781241],[-78.645119,35.781238],[-78.645122,35.781169],[-78.645217,35.781172],[-78.645213,35.781241],[-78.645213,35.781241]]]},"properties":{"type":"Unit","unit_id":"6506040","floor_id":"80484","extrusion_base":42,"extrusion_height":45}},{"type":"Feature","id":"6506040","geometry":{"type":"Point","coordinates":[-78.645168,35.781205]},"properties":{"type":"UnitLabel","unit_id":"6506040","floor_id":"80484","unit_label":"1921"}},{"type":"Feature","id":"6506039","geometry":{"type":"Polygon","coordinates":[[[-78.645115,35.78132],[-78.645221,35.781323],[-78.645223,35.781282],[-78.645236,35.781266],[-78.645238,35.78122],[-78.645214,35.781219],[-78.645213,35.781241],[-78.645119,35.781238],[-78.645115,35.78132]]]},"properties":{"type":"Unit","unit_id":"6506039","floor_id":"80484","extrusion_base":42,"extrusion_height":45}},{"type":"Feature","id":"6506039","geometry":{"type":"Point","coordinates":[-78.6451765,35.781271000000004]},"properties":{"type":"UnitLabel","unit_id":"6506039","floor_id":"80484","unit_label":"1920"}},{"type":"Feature","id":"6506038","geometry":{"type":"Polygon","coordinates":[[[-78.645221,35.781323],[-78.645233,35.781324],[-78.645243,35.781324],[-78.645299,35.781326],[-78.645304,35.781222],[-78.645238,35.78122],[-78.645236,35.781266],[-78.645223,35.781282],[-78.645221,35.781323]]]},"properties":{"type":"Unit","unit_id":"6506038","floor_id":"80484","extrusion_base":42,"extrusion_height":45}},{"type":"Feature","id":"6506038","geometry":{"type":"Point","coordinates":[-78.6452625,35.781273]},"properties":{"type":"UnitLabel","unit_id":"6506038","floor_id":"80484","unit_label":"1919"}},{"type":"Feature","id":"6506037","geometry":{"type":"Polygon","coordinates":[[[-78.645348,35.781327],[-78.645363,35.781328],[-78.645428,35.78133],[-78.645431,35.781279],[-78.645433,35.781226],[-78.645368,35.781224],[-78.645353,35.781224],[-78.645304,35.781222],[-78.645302,35.781275],[-78.645299,35.781326],[-78.645348,35.781327]]]},"properties":{"type":"Unit","unit_id":"6506037","floor_id":"80484","extrusion_base":42,"extrusion_height":45}},{"type":"Feature","id":"6506037","geometry":{"type":"Point","coordinates":[-78.645366,35.781276]},"properties":{"type":"UnitLabel","unit_id":"6506037","floor_id":"80484","unit_label":"1918"}},{"type":"Feature","id":"6506036","geometry":{"type":"Polygon","coordinates":[[[-78.645479,35.781331],[-78.645428,35.78133],[-78.645433,35.781226],[-78.645484,35.781228],[-78.645479,35.781331],[-78.645479,35.781331]]]},"properties":{"type":"Unit","unit_id":"6506036","floor_id":"80484","extrusion_base":42,"extrusion_height":45}},{"type":"Feature","id":"6506036","geometry":{"type":"Point","coordinates":[-78.645456,35.7812785]},"properties":{"type":"UnitLabel","unit_id":"6506036","floor_id":"80484","unit_label":"1916"}},{"type":"Feature","id":"6506035","geometry":{"type":"Polygon","coordinates":[[[-78.645485,35.781203],[-78.645485,35.781209],[-78.645474,35.781208],[-78.645473,35.781227],[-78.645484,35.781228],[-78.645479,35.781331],[-78.645561,35.781334],[-78.645567,35.781205],[-78.645485,35.781203]]]},"properties":{"type":"Unit","unit_id":"6506035","floor_id":"80484","extrusion_base":42,"extrusion_height":45}},{"type":"Feature","id":"6506035","geometry":{"type":"Point","coordinates":[-78.64552,35.781268499999996]},"properties":{"type":"UnitLabel","unit_id":"6506035","floor_id":"80484","unit_label":"1915"}},{"type":"Feature","id":"6506034","geometry":{"type":"Polygon","coordinates":[[[-78.645485,35.781209],[-78.645485,35.781203],[-78.645567,35.781205],[-78.645569,35.781157],[-78.645443,35.781153],[-78.645441,35.78119],[-78.64544,35.781201],[-78.64544,35.781207],[-78.645485,35.781209]]]},"properties":{"type":"Unit","unit_id":"6506034","floor_id":"80484","extrusion_base":42,"extrusion_height":45}},{"type":"Feature","id":"6506034","geometry":{"type":"Point","coordinates":[-78.645541,35.781181000000004]},"properties":{"type":"UnitLabel","unit_id":"6506034","floor_id":"80484","unit_label":"1914"}},{"type":"Feature","id":"6506033","geometry":{"type":"Polygon","coordinates":[[[-78.645594,35.781157],[-78.645468,35.781153],[-78.64547,35.781107],[-78.645596,35.781111],[-78.645594,35.781157],[-78.645594,35.781157]]]},"properties":{"type":"Unit","unit_id":"6506033","floor_id":"80484","extrusion_base":42,"extrusion_height":45}},{"type":"Feature","id":"6506033","geometry":{"type":"Point","coordinates":[-78.645532,35.781132]},"properties":{"type":"UnitLabel","unit_id":"6506033","floor_id":"80484","unit_label":"1913"}},{"type":"Feature","id":"6506032","geometry":{"type":"Polygon","coordinates":[[[-78.645596,35.781111],[-78.64547,35.781107],[-78.645475,35.781002],[-78.645601,35.781006],[-78.645596,35.781111],[-78.645596,35.781111]]]},"properties":{"type":"Unit","unit_id":"6506032","floor_id":"80484","extrusion_base":42,"extrusion_height":45}},{"type":"Feature","id":"6506032","geometry":{"type":"Point","coordinates":[-78.6455355,35.781056500000005]},"properties":{"type":"UnitLabel","unit_id":"6506032","floor_id":"80484","unit_label":"1912"}},{"type":"Feature","id":"6506031","geometry":{"type":"Polygon","coordinates":[[[-78.645539,35.781004],[-78.645601,35.781006],[-78.645603,35.780966],[-78.645603,35.780954],[-78.645606,35.7809],[-78.645544,35.780898],[-78.64548,35.780896],[-78.645477,35.78095],[-78.645477,35.780962],[-78.645475,35.781002],[-78.645539,35.781004]]]},"properties":{"type":"Unit","unit_id":"6506031","floor_id":"80484","extrusion_base":42,"extrusion_height":45}},{"type":"Feature","id":"6506031","geometry":{"type":"Point","coordinates":[-78.64554050000001,35.780951]},"properties":{"type":"UnitLabel","unit_id":"6506031","floor_id":"80484","unit_label":"1910"}},{"type":"Feature","id":"6506030","geometry":{"type":"Polygon","coordinates":[[[-78.645606,35.7809],[-78.64548,35.780896],[-78.645482,35.780849],[-78.645608,35.780853],[-78.645606,35.7809],[-78.645606,35.7809]]]},"properties":{"type":"Unit","unit_id":"6506030","floor_id":"80484","extrusion_base":42,"extrusion_height":45}},{"type":"Feature","id":"6506030","geometry":{"type":"Point","coordinates":[-78.645544,35.7808745]},"properties":{"type":"UnitLabel","unit_id":"6506030","floor_id":"80484","unit_label":"1908"}},{"type":"Feature","id":"6506029","geometry":{"type":"Polygon","coordinates":[[[-78.645482,35.780849],[-78.645508,35.78085],[-78.645521,35.780851],[-78.645608,35.780853],[-78.645613,35.78076],[-78.645512,35.780757],[-78.645509,35.780824],[-78.645483,35.780823],[-78.645482,35.780849]]]},"properties":{"type":"Unit","unit_id":"6506029","floor_id":"80484","extrusion_base":42,"extrusion_height":45}},{"type":"Feature","id":"6506029","geometry":{"type":"Point","coordinates":[-78.645565,35.780805]},"properties":{"type":"UnitLabel","unit_id":"6506029","floor_id":"80484","unit_label":"1907"}},{"type":"Feature","id":"6506028","geometry":{"type":"Polygon","coordinates":[[[-78.645464,35.780828],[-78.645464,35.780822],[-78.645509,35.780824],[-78.645512,35.780757],[-78.645467,35.780755],[-78.645429,35.780754],[-78.645426,35.780821],[-78.645426,35.780826],[-78.645464,35.780828]]]},"properties":{"type":"Unit","unit_id":"6506028","floor_id":"80484","extrusion_base":42,"extrusion_height":45}},{"type":"Feature","id":"6506028","geometry":{"type":"Point","coordinates":[-78.645475,35.780791]},"properties":{"type":"UnitLabel","unit_id":"6506028","floor_id":"80484","unit_label":"1906"}},{"type":"Feature","id":"6506027","geometry":{"type":"Polygon","coordinates":[[[-78.64533,35.780805],[-78.645328,35.780839],[-78.64541,35.780841],[-78.64541,35.780847],[-78.645463,35.780849],[-78.645464,35.780828],[-78.645426,35.780826],[-78.645429,35.780754],[-78.645366,35.780752],[-78.645366,35.780758],[-78.645332,35.780757],[-78.645331,35.780774],[-78.645318,35.780774],[-78.645317,35.780804],[-78.64533,35.780805]]]},"properties":{"type":"Unit","unit_id":"6506027","floor_id":"80484","extrusion_base":42,"extrusion_height":45}},{"type":"Feature","id":"6506027","geometry":{"type":"Point","coordinates":[-78.6453905,35.7808005]},"properties":{"type":"UnitLabel","unit_id":"6506027","floor_id":"80484","unit_label":"1905"}},{"type":"Feature","id":"6506026","geometry":{"type":"Polygon","coordinates":[[[-78.645326,35.780888],[-78.645325,35.780906],[-78.64542,35.780909],[-78.645422,35.780877],[-78.645462,35.780878],[-78.645463,35.780849],[-78.64541,35.780847],[-78.64541,35.780841],[-78.645328,35.780839],[-78.645328,35.780845],[-78.645327,35.780857],[-78.645314,35.780857],[-78.645313,35.780887],[-78.645326,35.780888]]]},"properties":{"type":"Unit","unit_id":"6506026","floor_id":"80484","extrusion_base":42,"extrusion_height":45}},{"type":"Feature","id":"6506026","geometry":{"type":"Point","coordinates":[-78.645388,35.780874]},"properties":{"type":"UnitLabel","unit_id":"6506026","floor_id":"80484","unit_label":"1904"}},{"type":"Feature","id":"6506025","geometry":{"type":"Polygon","coordinates":[[[-78.645335,35.780973],[-78.645457,35.780977],[-78.645458,35.780945],[-78.645418,35.780943],[-78.64542,35.780909],[-78.645325,35.780906],[-78.645322,35.780962],[-78.645336,35.780962],[-78.645335,35.780973]]]},"properties":{"type":"Unit","unit_id":"6506025","floor_id":"80484","extrusion_base":42,"extrusion_height":45}},{"type":"Feature","id":"6506025","geometry":{"type":"Point","coordinates":[-78.64538999999999,35.7809415]},"properties":{"type":"UnitLabel","unit_id":"6506025","floor_id":"80484","unit_label":"1903"}},{"type":"Feature","id":"6506024","geometry":{"type":"Polygon","coordinates":[[[-78.64532,35.781016],[-78.645333,35.781016],[-78.645332,35.781035],[-78.645442,35.781038],[-78.645443,35.781021],[-78.645455,35.781021],[-78.645457,35.780977],[-78.645335,35.780973],[-78.645334,35.780992],[-78.645321,35.780992],[-78.64532,35.781016]]]},"properties":{"type":"Unit","unit_id":"6506024","floor_id":"80484","extrusion_base":42,"extrusion_height":45}},{"type":"Feature","id":"6506024","geometry":{"type":"Point","coordinates":[-78.6453885,35.781005500000006]},"properties":{"type":"UnitLabel","unit_id":"6506024","floor_id":"80484","unit_label":"1902"}},{"type":"Feature","id":"6506023","geometry":{"type":"Polygon","coordinates":[[[-78.645316,35.781095],[-78.645411,35.781098],[-78.645411,35.781083],[-78.645452,35.781084],[-78.645454,35.781039],[-78.645332,35.781035],[-78.645332,35.78104],[-78.645319,35.781039],[-78.645316,35.781095]]]},"properties":{"type":"Unit","unit_id":"6506023","floor_id":"80484","extrusion_base":42,"extrusion_height":45}},{"type":"Feature","id":"6506023","geometry":{"type":"Point","coordinates":[-78.64535950000001,35.7810665]},"properties":{"type":"UnitLabel","unit_id":"6506023","floor_id":"80484","unit_label":"1901"}},{"type":"Feature","id":"6506060","geometry":{"type":"Polygon","coordinates":[[[-78.645213,35.781241],[-78.645119,35.781238],[-78.645122,35.781169],[-78.645217,35.781172],[-78.645213,35.781241],[-78.645213,35.781241]]]},"properties":{"type":"Unit","unit_id":"6506060","floor_id":"80485","extrusion_base":45,"extrusion_height":48}},{"type":"Feature","id":"6506060","geometry":{"type":"Point","coordinates":[-78.645168,35.781205]},"properties":{"type":"UnitLabel","unit_id":"6506060","floor_id":"80485","unit_label":"2021"}},{"type":"Feature","id":"6506059","geometry":{"type":"Polygon","coordinates":[[[-78.645115,35.78132],[-78.645221,35.781323],[-78.645223,35.781282],[-78.645236,35.781266],[-78.645238,35.78122],[-78.645214,35.781219],[-78.645213,35.781241],[-78.645119,35.781238],[-78.645115,35.78132]]]},"properties":{"type":"Unit","unit_id":"6506059","floor_id":"80485","extrusion_base":45,"extrusion_height":48}},{"type":"Feature","id":"6506059","geometry":{"type":"Point","coordinates":[-78.6451765,35.781271000000004]},"properties":{"type":"UnitLabel","unit_id":"6506059","floor_id":"80485","unit_label":"2020"}},{"type":"Feature","id":"6506058","geometry":{"type":"Polygon","coordinates":[[[-78.645221,35.781323],[-78.645233,35.781324],[-78.645243,35.781324],[-78.645299,35.781326],[-78.645304,35.781222],[-78.645238,35.78122],[-78.645236,35.781266],[-78.645223,35.781282],[-78.645221,35.781323]]]},"properties":{"type":"Unit","unit_id":"6506058","floor_id":"80485","extrusion_base":45,"extrusion_height":48}},{"type":"Feature","id":"6506058","geometry":{"type":"Point","coordinates":[-78.6452625,35.781273]},"properties":{"type":"UnitLabel","unit_id":"6506058","floor_id":"80485","unit_label":"2019"}},{"type":"Feature","id":"6506057","geometry":{"type":"Polygon","coordinates":[[[-78.645348,35.781327],[-78.645363,35.781328],[-78.645428,35.78133],[-78.645431,35.781279],[-78.645433,35.781226],[-78.645368,35.781224],[-78.645353,35.781224],[-78.645304,35.781222],[-78.645302,35.781275],[-78.645299,35.781326],[-78.645348,35.781327]]]},"properties":{"type":"Unit","unit_id":"6506057","floor_id":"80485","extrusion_base":45,"extrusion_height":48}},{"type":"Feature","id":"6506057","geometry":{"type":"Point","coordinates":[-78.645366,35.781276]},"properties":{"type":"UnitLabel","unit_id":"6506057","floor_id":"80485","unit_label":"2018"}},{"type":"Feature","id":"6506056","geometry":{"type":"Polygon","coordinates":[[[-78.645479,35.781331],[-78.645428,35.78133],[-78.645433,35.781226],[-78.645484,35.781228],[-78.645479,35.781331],[-78.645479,35.781331]]]},"properties":{"type":"Unit","unit_id":"6506056","floor_id":"80485","extrusion_base":45,"extrusion_height":48}},{"type":"Feature","id":"6506056","geometry":{"type":"Point","coordinates":[-78.645456,35.7812785]},"properties":{"type":"UnitLabel","unit_id":"6506056","floor_id":"80485","unit_label":"2016"}},{"type":"Feature","id":"6506055","geometry":{"type":"Polygon","coordinates":[[[-78.645485,35.781203],[-78.645485,35.781209],[-78.645474,35.781208],[-78.645473,35.781227],[-78.645484,35.781228],[-78.645479,35.781331],[-78.645561,35.781334],[-78.645567,35.781205],[-78.645485,35.781203]]]},"properties":{"type":"Unit","unit_id":"6506055","floor_id":"80485","extrusion_base":45,"extrusion_height":48}},{"type":"Feature","id":"6506055","geometry":{"type":"Point","coordinates":[-78.64552,35.781268499999996]},"properties":{"type":"UnitLabel","unit_id":"6506055","floor_id":"80485","unit_label":"2015"}},{"type":"Feature","id":"6506054","geometry":{"type":"Polygon","coordinates":[[[-78.645485,35.781209],[-78.645485,35.781203],[-78.645567,35.781205],[-78.645569,35.781157],[-78.645443,35.781153],[-78.645441,35.78119],[-78.64544,35.781201],[-78.64544,35.781207],[-78.645485,35.781209]]]},"properties":{"type":"Unit","unit_id":"6506054","floor_id":"80485","extrusion_base":45,"extrusion_height":48}},{"type":"Feature","id":"6506054","geometry":{"type":"Point","coordinates":[-78.645541,35.781181000000004]},"properties":{"type":"UnitLabel","unit_id":"6506054","floor_id":"80485","unit_label":"2014"}},{"type":"Feature","id":"6506053","geometry":{"type":"Polygon","coordinates":[[[-78.645594,35.781157],[-78.645468,35.781153],[-78.64547,35.781107],[-78.645596,35.781111],[-78.645594,35.781157],[-78.645594,35.781157]]]},"properties":{"type":"Unit","unit_id":"6506053","floor_id":"80485","extrusion_base":45,"extrusion_height":48}},{"type":"Feature","id":"6506053","geometry":{"type":"Point","coordinates":[-78.645532,35.781132]},"properties":{"type":"UnitLabel","unit_id":"6506053","floor_id":"80485","unit_label":"2013"}},{"type":"Feature","id":"6506052","geometry":{"type":"Polygon","coordinates":[[[-78.645596,35.781111],[-78.64547,35.781107],[-78.645475,35.781002],[-78.645601,35.781006],[-78.645596,35.781111],[-78.645596,35.781111]]]},"properties":{"type":"Unit","unit_id":"6506052","floor_id":"80485","extrusion_base":45,"extrusion_height":48}},{"type":"Feature","id":"6506052","geometry":{"type":"Point","coordinates":[-78.6455355,35.781056500000005]},"properties":{"type":"UnitLabel","unit_id":"6506052","floor_id":"80485","unit_label":"2012"}},{"type":"Feature","id":"6506051","geometry":{"type":"Polygon","coordinates":[[[-78.645539,35.781004],[-78.645601,35.781006],[-78.645603,35.780966],[-78.645603,35.780954],[-78.645606,35.7809],[-78.645544,35.780898],[-78.64548,35.780896],[-78.645477,35.78095],[-78.645477,35.780962],[-78.645475,35.781002],[-78.645539,35.781004]]]},"properties":{"type":"Unit","unit_id":"6506051","floor_id":"80485","extrusion_base":45,"extrusion_height":48}},{"type":"Feature","id":"6506051","geometry":{"type":"Point","coordinates":[-78.64554050000001,35.780951]},"properties":{"type":"UnitLabel","unit_id":"6506051","floor_id":"80485","unit_label":"2010"}},{"type":"Feature","id":"6506050","geometry":{"type":"Polygon","coordinates":[[[-78.645606,35.7809],[-78.64548,35.780896],[-78.645482,35.780849],[-78.645608,35.780853],[-78.645606,35.7809],[-78.645606,35.7809]]]},"properties":{"type":"Unit","unit_id":"6506050","floor_id":"80485","extrusion_base":45,"extrusion_height":48}},{"type":"Feature","id":"6506050","geometry":{"type":"Point","coordinates":[-78.645544,35.7808745]},"properties":{"type":"UnitLabel","unit_id":"6506050","floor_id":"80485","unit_label":"2008"}},{"type":"Feature","id":"6506049","geometry":{"type":"Polygon","coordinates":[[[-78.645482,35.780849],[-78.645508,35.78085],[-78.645521,35.780851],[-78.645608,35.780853],[-78.645613,35.78076],[-78.645512,35.780757],[-78.645509,35.780824],[-78.645483,35.780823],[-78.645482,35.780849]]]},"properties":{"type":"Unit","unit_id":"6506049","floor_id":"80485","extrusion_base":45,"extrusion_height":48}},{"type":"Feature","id":"6506049","geometry":{"type":"Point","coordinates":[-78.645565,35.780805]},"properties":{"type":"UnitLabel","unit_id":"6506049","floor_id":"80485","unit_label":"2007"}},{"type":"Feature","id":"6506048","geometry":{"type":"Polygon","coordinates":[[[-78.645464,35.780828],[-78.645464,35.780822],[-78.645509,35.780824],[-78.645512,35.780757],[-78.645467,35.780755],[-78.645429,35.780754],[-78.645426,35.780821],[-78.645426,35.780826],[-78.645464,35.780828]]]},"properties":{"type":"Unit","unit_id":"6506048","floor_id":"80485","extrusion_base":45,"extrusion_height":48}},{"type":"Feature","id":"6506048","geometry":{"type":"Point","coordinates":[-78.645475,35.780791]},"properties":{"type":"UnitLabel","unit_id":"6506048","floor_id":"80485","unit_label":"2006"}},{"type":"Feature","id":"6506047","geometry":{"type":"Polygon","coordinates":[[[-78.64533,35.780805],[-78.645328,35.780839],[-78.64541,35.780841],[-78.64541,35.780847],[-78.645463,35.780849],[-78.645464,35.780828],[-78.645426,35.780826],[-78.645429,35.780754],[-78.645366,35.780752],[-78.645366,35.780758],[-78.645332,35.780757],[-78.645331,35.780774],[-78.645318,35.780774],[-78.645317,35.780804],[-78.64533,35.780805]]]},"properties":{"type":"Unit","unit_id":"6506047","floor_id":"80485","extrusion_base":45,"extrusion_height":48}},{"type":"Feature","id":"6506047","geometry":{"type":"Point","coordinates":[-78.6453905,35.7808005]},"properties":{"type":"UnitLabel","unit_id":"6506047","floor_id":"80485","unit_label":"2005"}},{"type":"Feature","id":"6506046","geometry":{"type":"Polygon","coordinates":[[[-78.645326,35.780888],[-78.645325,35.780906],[-78.64542,35.780909],[-78.645422,35.780877],[-78.645462,35.780878],[-78.645463,35.780849],[-78.64541,35.780847],[-78.64541,35.780841],[-78.645328,35.780839],[-78.645328,35.780845],[-78.645327,35.780857],[-78.645314,35.780857],[-78.645313,35.780887],[-78.645326,35.780888]]]},"properties":{"type":"Unit","unit_id":"6506046","floor_id":"80485","extrusion_base":45,"extrusion_height":48}},{"type":"Feature","id":"6506046","geometry":{"type":"Point","coordinates":[-78.645388,35.780874]},"properties":{"type":"UnitLabel","unit_id":"6506046","floor_id":"80485","unit_label":"2004"}},{"type":"Feature","id":"6506045","geometry":{"type":"Polygon","coordinates":[[[-78.645335,35.780973],[-78.645457,35.780977],[-78.645458,35.780945],[-78.645418,35.780943],[-78.64542,35.780909],[-78.645325,35.780906],[-78.645322,35.780962],[-78.645336,35.780962],[-78.645335,35.780973]]]},"properties":{"type":"Unit","unit_id":"6506045","floor_id":"80485","extrusion_base":45,"extrusion_height":48}},{"type":"Feature","id":"6506045","geometry":{"type":"Point","coordinates":[-78.64538999999999,35.7809415]},"properties":{"type":"UnitLabel","unit_id":"6506045","floor_id":"80485","unit_label":"2003"}},{"type":"Feature","id":"6506044","geometry":{"type":"Polygon","coordinates":[[[-78.64532,35.781016],[-78.645333,35.781016],[-78.645332,35.781035],[-78.645442,35.781038],[-78.645443,35.781021],[-78.645455,35.781021],[-78.645457,35.780977],[-78.645335,35.780973],[-78.645334,35.780992],[-78.645321,35.780992],[-78.64532,35.781016]]]},"properties":{"type":"Unit","unit_id":"6506044","floor_id":"80485","extrusion_base":45,"extrusion_height":48}},{"type":"Feature","id":"6506044","geometry":{"type":"Point","coordinates":[-78.6453885,35.781005500000006]},"properties":{"type":"UnitLabel","unit_id":"6506044","floor_id":"80485","unit_label":"2002"}},{"type":"Feature","id":"6506043","geometry":{"type":"Polygon","coordinates":[[[-78.645316,35.781095],[-78.645411,35.781098],[-78.645411,35.781083],[-78.645452,35.781084],[-78.645454,35.781039],[-78.645332,35.781035],[-78.645332,35.78104],[-78.645319,35.781039],[-78.645316,35.781095]]]},"properties":{"type":"Unit","unit_id":"6506043","floor_id":"80485","extrusion_base":45,"extrusion_height":48}},{"type":"Feature","id":"6506043","geometry":{"type":"Point","coordinates":[-78.64535950000001,35.7810665]},"properties":{"type":"UnitLabel","unit_id":"6506043","floor_id":"80485","unit_label":"2001"}}]}